{"type":"FeatureCollection","name":"river2","features":[{"type":"Feature","properties":{"name":"姫川"},"geometry":{"type":"MultiLineString","coordinates":[[[138.501529,36.000333],[138.501529,36.000333]]]}},{"type":"Feature","properties":{"name":"姫川"},"geometry":{"type":"MultiLineString","coordinates":[[[138.501529,36.000333],[138.501529,36.000333]]]}},{"type":"Feature","properties":{"name":"姫川"},"geometry":{"type":"MultiLineString","coordinates":[[[138.501529,36.000333],[138.501529,36.000333]]]}},{"type":"Feature","properties":{"name":"姫川"},"geometry":{"type":"MultiLineString","coordinates":[[[138.501529,36.000333],[138.501529,36.000333]]]}},{"type":"Feature","properties":{"name":"姫川"},"geometry":{"type":"MultiLineString","coordinates":[[[138.501529,36.000333],[138.501529,36.000333]]]}},{"type":"Feature","properties":{"name":"姫川"},"geometry":{"type":"MultiLineString","coordinates":[[[138.501529,36.000333],[138.501529,36.000333]]]}},{"type":"Feature","properties":{"name":"姫川"},"geometry":{"type":"MultiLineString","coordinates":[[[138.501529,36.000333],[138.501529,36.000333]]]}},{"type":"Feature","properties":{"name":"姫川"},"geometry":{"type":"MultiLineString","coordinates":[[[138.501529,36.000332],[138.501529,36.000333]]]}},{"type":"Feature","properties":{"name":"姫川"},"geometry":{"type":"MultiLineString","coordinates":[[[138.501529,36.000332],[138.501529,36.000332]]]}},{"type":"Feature","properties":{"name":"姫川"},"geometry":{"type":"MultiLineString","coordinates":[[[138.501529,36.000332],[138.501529,36.000332]]]}},{"type":"Feature","properties":{"name":"姫川"},"geometry":{"type":"MultiLineString","coordinates":[[[138.501529,36.000332],[138.501529,36.000332]]]}},{"type":"Feature","properties":{"name":"姫川"},"geometry":{"type":"MultiLineString","coordinates":[[[138.501529,36.000332],[138.501529,36.000332]]]}},{"type":"Feature","properties":{"name":"姫川"},"geometry":{"type":"MultiLineString","coordinates":[[[138.50153,36.000332],[138.50153,36.000332]]]}},{"type":"Feature","properties":{"name":"姫川"},"geometry":{"type":"MultiLineString","coordinates":[[[138.50153,36.000332],[138.501529,36.000332]]]}},{"type":"Feature","properties":{"name":"姫川"},"geometry":{"type":"MultiLineString","coordinates":[[[138.50153,36.000332],[138.50153,36.000332]]]}},{"type":"Feature","properties":{"name":"姫川"},"geometry":{"type":"MultiLineString","coordinates":[[[138.50153,36.000332],[138.50153,36.000332]]]}},{"type":"Feature","properties":{"name":"姫川"},"geometry":{"type":"MultiLineString","coordinates":[[[138.50153,36.000332],[138.50153,36.000332]]]}},{"type":"Feature","properties":{"name":"姫川"},"geometry":{"type":"MultiLineString","coordinates":[[[138.50153,36.000332],[138.50153,36.000332]]]}},{"type":"Feature","properties":{"name":"姫川"},"geometry":{"type":"MultiLineString","coordinates":[[[138.50153,36.000332],[138.50153,36.000332]]]}},{"type":"Feature","properties":{"name":"姫川"},"geometry":{"type":"MultiLineString","coordinates":[[[138.50153,36.000332],[138.50153,36.000332]]]}},{"type":"Feature","properties":{"name":"濁川"},"geometry":{"type":"MultiLineString","coordinates":[[[138.501531,36.000332],[138.501531,36.000332]]]}},{"type":"Feature","properties":{"name":"姫川"},"geometry":{"type":"MultiLineString","coordinates":[[[138.50153,36.000332],[138.50153,36.000332]]]}},{"type":"Feature","properties":{"name":"濁川"},"geometry":{"type":"MultiLineString","coordinates":[[[138.501531,36.000332],[138.501531,36.000332]]]}},{"type":"Feature","properties":{"name":"濁川"},"geometry":{"type":"MultiLineString","coordinates":[[[138.501531,36.000332],[138.501531,36.000332]]]}},{"type":"Feature","properties":{"name":"濁川"},"geometry":{"type":"MultiLineString","coordinates":[[[138.501531,36.000332],[138.501531,36.000332]]]}},{"type":"Feature","properties":{"name":"姫川"},"geometry":{"type":"MultiLineString","coordinates":[[[138.50153,36.000332],[138.50153,36.000332]]]}},{"type":"Feature","properties":{"name":"鳥居川"},"geometry":{"type":"MultiLineString","coordinates":[[[138.501533,36.000332],[138.501533,36.000332]]]}},{"type":"Feature","properties":{"name":"夜間瀬川"},"geometry":{"type":"MultiLineString","coordinates":[[[138.501535,36.000332],[138.501535,36.000332]]]}},{"type":"Feature","properties":{"name":"鳥居川"},"geometry":{"type":"MultiLineString","coordinates":[[[138.501533,36.000332],[138.501533,36.000332]]]}},{"type":"Feature","properties":{"name":"姫川"},"geometry":{"type":"MultiLineString","coordinates":[[[138.50153,36.000332],[138.50153,36.000332]]]}},{"type":"Feature","properties":{"name":"夜間瀬川"},"geometry":{"type":"MultiLineString","coordinates":[[[138.501535,36.000332],[138.501535,36.000332]]]}},{"type":"Feature","properties":{"name":"鳥居川"},"geometry":{"type":"MultiLineString","coordinates":[[[138.501533,36.000332],[138.501533,36.000332]]]}},{"type":"Feature","properties":{"name":"鳥居川"},"geometry":{"type":"MultiLineString","coordinates":[[[138.501533,36.000332],[138.501533,36.000332]]]}},{"type":"Feature","properties":{"name":"姫川"},"geometry":{"type":"MultiLineString","coordinates":[[[138.50153,36.000332],[138.50153,36.000332]]]}},{"type":"Feature","properties":{"name":"鳥居川"},"geometry":{"type":"MultiLineString","coordinates":[[[138.501532,36.000332],[138.501533,36.000332]]]}},{"type":"Feature","properties":{"name":"鳥居川"},"geometry":{"type":"MultiLineString","coordinates":[[[138.501533,36.000332],[138.501533,36.000332]]]}},{"type":"Feature","properties":{"name":"鳥居川"},"geometry":{"type":"MultiLineString","coordinates":[[[138.501532,36.000332],[138.501532,36.000332]]]}},{"type":"Feature","properties":{"name":"鳥居川"},"geometry":{"type":"MultiLineString","coordinates":[[[138.501533,36.000332],[138.501533,36.000332]]]}},{"type":"Feature","properties":{"name":"鳥居川"},"geometry":{"type":"MultiLineString","coordinates":[[[138.501532,36.000332],[138.501532,36.000332]]]}},{"type":"Feature","properties":{"name":"鳥居川"},"geometry":{"type":"MultiLineString","coordinates":[[[138.501533,36.000332],[138.501533,36.000332]]]}},{"type":"Feature","properties":{"name":"鳥居川"},"geometry":{"type":"MultiLineString","coordinates":[[[138.501532,36.000332],[138.501532,36.000332]]]}},{"type":"Feature","properties":{"name":"濁川"},"geometry":{"type":"MultiLineString","coordinates":[[[138.501531,36.000332],[138.501531,36.000332]]]}},{"type":"Feature","properties":{"name":"鳥居川"},"geometry":{"type":"MultiLineString","coordinates":[[[138.501532,36.000332],[138.501532,36.000331]]]}},{"type":"Feature","properties":{"name":"鳥居川"},"geometry":{"type":"MultiLineString","coordinates":[[[138.501532,36.000331],[138.501532,36.000332]]]}},{"type":"Feature","properties":{"name":"鳥居川"},"geometry":{"type":"MultiLineString","coordinates":[[[138.501532,36.000331],[138.501532,36.000331]]]}},{"type":"Feature","properties":{"name":"鳥居川"},"geometry":{"type":"MultiLineString","coordinates":[[[138.501532,36.000331],[138.501532,36.000331]]]}},{"type":"Feature","properties":{"name":"鳥居川"},"geometry":{"type":"MultiLineString","coordinates":[[[138.501532,36.000331],[138.501532,36.000332]]]}},{"type":"Feature","properties":{"name":"鳥居川"},"geometry":{"type":"MultiLineString","coordinates":[[[138.501532,36.000331],[138.501532,36.000331]]]}},{"type":"Feature","properties":{"name":"鳥居川"},"geometry":{"type":"MultiLineString","coordinates":[[[138.501532,36.000331],[138.501532,36.000331]]]}},{"type":"Feature","properties":{"name":"夜間瀬川"},"geometry":{"type":"MultiLineString","coordinates":[[[138.501535,36.000331],[138.501535,36.000332]]]}},{"type":"Feature","properties":{"name":"夜間瀬川"},"geometry":{"type":"MultiLineString","coordinates":[[[138.501535,36.000331],[138.501535,36.000331]]]}},{"type":"Feature","properties":{"name":"夜間瀬川"},"geometry":{"type":"MultiLineString","coordinates":[[[138.501535,36.000331],[138.501535,36.000331]]]}},{"type":"Feature","properties":{"name":"濁川"},"geometry":{"type":"MultiLineString","coordinates":[[[138.501531,36.000332],[138.501531,36.000331]]]}},{"type":"Feature","properties":{"name":"姫川"},"geometry":{"type":"MultiLineString","coordinates":[[[138.50153,36.000331],[138.50153,36.000332]]]}},{"type":"Feature","properties":{"name":"姫川"},"geometry":{"type":"MultiLineString","coordinates":[[[138.501529,36.00033],[138.501529,36.00033]]]}},{"type":"Feature","properties":{"name":"犀川"},"geometry":{"type":"MultiLineString","coordinates":[[[138.50153,36.000329],[138.50153,36.000329]]]}},{"type":"Feature","properties":{"name":"犀川"},"geometry":{"type":"MultiLineString","coordinates":[[[138.50153,36.000328],[138.50153,36.000328]]]}},{"type":"Feature","properties":{"name":"穂高川"},"geometry":{"type":"MultiLineString","coordinates":[[[138.501529,36.000328],[138.501529,36.000328]]]}},{"type":"Feature","properties":{"name":"湯川"},"geometry":{"type":"MultiLineString","coordinates":[[[138.501537,36.000328],[138.501537,36.000328]]]}},{"type":"Feature","properties":{"name":"穂高川"},"geometry":{"type":"MultiLineString","coordinates":[[[138.501529,36.000328],[138.501529,36.000328]]]}},{"type":"Feature","properties":{"name":"穂高川"},"geometry":{"type":"MultiLineString","coordinates":[[[138.501529,36.000328],[138.501529,36.000328]]]}},{"type":"Feature","properties":{"name":"穂高川"},"geometry":{"type":"MultiLineString","coordinates":[[[138.501529,36.000328],[138.501529,36.000328]]]}},{"type":"Feature","properties":{"name":"万水川"},"geometry":{"type":"MultiLineString","coordinates":[[[138.50153,36.000327],[138.50153,36.000327]]]}},{"type":"Feature","properties":{"name":"依田川"},"geometry":{"type":"MultiLineString","coordinates":[[[138.501534,36.000327],[138.501534,36.000327]]]}},{"type":"Feature","properties":{"name":"姫川"},"geometry":{"type":"MultiLineString","coordinates":[[[138.50153,36.000331],[138.50153,36.000331]]]}},{"type":"Feature","properties":{"name":"姫川"},"geometry":{"type":"MultiLineString","coordinates":[[[138.50153,36.000331],[138.50153,36.000331]]]}},{"type":"Feature","properties":{"name":"夜間瀬川"},"geometry":{"type":"MultiLineString","coordinates":[[[138.501535,36.000331],[138.501535,36.000331]]]}},{"type":"Feature","properties":{"name":"鳥居川"},"geometry":{"type":"MultiLineString","coordinates":[[[138.501533,36.000332],[138.501533,36.000331]]]}},{"type":"Feature","properties":{"name":"姫川"},"geometry":{"type":"MultiLineString","coordinates":[[[138.50153,36.000331],[138.50153,36.000331]]]}},{"type":"Feature","properties":{"name":"姫川"},"geometry":{"type":"MultiLineString","coordinates":[[[138.501529,36.000331],[138.50153,36.000331]]]}},{"type":"Feature","properties":{"name":"鳥居川"},"geometry":{"type":"MultiLineString","coordinates":[[[138.501533,36.000331],[138.501534,36.000331]]]}},{"type":"Feature","properties":{"name":"夜間瀬川"},"geometry":{"type":"MultiLineString","coordinates":[[[138.501535,36.000331],[138.501535,36.000331]]]}},{"type":"Feature","properties":{"name":"鳥居川"},"geometry":{"type":"MultiLineString","coordinates":[[[138.501534,36.000331],[138.501534,36.000331]]]}},{"type":"Feature","properties":{"name":"篠井川"},"geometry":{"type":"MultiLineString","coordinates":[[[138.501534,36.000331],[138.501534,36.000331]]]}},{"type":"Feature","properties":{"name":"篠井川"},"geometry":{"type":"MultiLineString","coordinates":[[[138.501534,36.000331],[138.501534,36.000331]]]}},{"type":"Feature","properties":{"name":"篠井川"},"geometry":{"type":"MultiLineString","coordinates":[[[138.501534,36.000331],[138.501534,36.000331]]]}},{"type":"Feature","properties":{"name":"松川"},"geometry":{"type":"MultiLineString","coordinates":[[[138.501529,36.000331],[138.501529,36.000331]]]}},{"type":"Feature","properties":{"name":"姫川"},"geometry":{"type":"MultiLineString","coordinates":[[[138.501529,36.000331],[138.501529,36.000331]]]}},{"type":"Feature","properties":{"name":"姫川"},"geometry":{"type":"MultiLineString","coordinates":[[[138.501529,36.000331],[138.501529,36.000331]]]}},{"type":"Feature","properties":{"name":"姫川"},"geometry":{"type":"MultiLineString","coordinates":[[[138.501529,36.000331],[138.501529,36.000331]]]}},{"type":"Feature","properties":{"name":"姫川"},"geometry":{"type":"MultiLineString","coordinates":[[[138.501529,36.000331],[138.501529,36.000331]]]}},{"type":"Feature","properties":{"name":"鳥居川"},"geometry":{"type":"MultiLineString","coordinates":[[[138.501534,36.000331],[138.501534,36.000331]]]}},{"type":"Feature","properties":{"name":"姫川"},"geometry":{"type":"MultiLineString","coordinates":[[[138.501529,36.000331],[138.501529,36.000331]]]}},{"type":"Feature","properties":{"name":"姫川"},"geometry":{"type":"MultiLineString","coordinates":[[[138.501529,36.000331],[138.501529,36.000331]]]}},{"type":"Feature","properties":{"name":"浅川"},"geometry":{"type":"MultiLineString","coordinates":[[[138.501534,36.000331],[138.501534,36.000331]]]}},{"type":"Feature","properties":{"name":"浅川"},"geometry":{"type":"MultiLineString","coordinates":[[[138.501534,36.000331],[138.501534,36.000331]]]}},{"type":"Feature","properties":{"name":"浅川"},"geometry":{"type":"MultiLineString","coordinates":[[[138.501534,36.000331],[138.501534,36.000331]]]}},{"type":"Feature","properties":{"name":"松川"},"geometry":{"type":"MultiLineString","coordinates":[[[138.501529,36.000331],[138.501529,36.000331]]]}},{"type":"Feature","properties":{"name":"松川"},"geometry":{"type":"MultiLineString","coordinates":[[[138.501534,36.000331],[138.501534,36.000331]]]}},{"type":"Feature","properties":{"name":"松川"},"geometry":{"type":"MultiLineString","coordinates":[[[138.501534,36.000331],[138.501534,36.000331]]]}},{"type":"Feature","properties":{"name":"浅川"},"geometry":{"type":"MultiLineString","coordinates":[[[138.501534,36.000331],[138.501534,36.000331]]]}},{"type":"Feature","properties":{"name":"姫川"},"geometry":{"type":"MultiLineString","coordinates":[[[138.501529,36.000331],[138.501529,36.000331]]]}},{"type":"Feature","properties":{"name":"姫川"},"geometry":{"type":"MultiLineString","coordinates":[[[138.501529,36.000331],[138.501529,36.000331]]]}},{"type":"Feature","properties":{"name":"浅川"},"geometry":{"type":"MultiLineString","coordinates":[[[138.501534,36.000331],[138.501534,36.000331]]]}},{"type":"Feature","properties":{"name":"姫川"},"geometry":{"type":"MultiLineString","coordinates":[[[138.501529,36.000331],[138.501529,36.000331]]]}},{"type":"Feature","properties":{"name":"八木沢川"},"geometry":{"type":"MultiLineString","coordinates":[[[138.501534,36.000331],[138.501534,36.000331]]]}},{"type":"Feature","properties":{"name":"松川"},"geometry":{"type":"MultiLineString","coordinates":[[[138.501535,36.000331],[138.501535,36.000331]]]}},{"type":"Feature","properties":{"name":"松川"},"geometry":{"type":"MultiLineString","coordinates":[[[138.501535,36.000331],[138.501535,36.000331]]]}},{"type":"Feature","properties":{"name":"浅川"},"geometry":{"type":"MultiLineString","coordinates":[[[138.501533,36.000331],[138.501534,36.000331]]]}},{"type":"Feature","properties":{"name":"松川"},"geometry":{"type":"MultiLineString","coordinates":[[[138.501535,36.000331],[138.501535,36.000331]]]}},{"type":"Feature","properties":{"name":"八木沢川"},"geometry":{"type":"MultiLineString","coordinates":[[[138.501534,36.000331],[138.501534,36.000331]]]}},{"type":"Feature","properties":{"name":"姫川"},"geometry":{"type":"MultiLineString","coordinates":[[[138.501529,36.000331],[138.501529,36.000331]]]}},{"type":"Feature","properties":{"name":"松川"},"geometry":{"type":"MultiLineString","coordinates":[[[138.501535,36.000331],[138.501534,36.000331]]]}},{"type":"Feature","properties":{"name":"松川"},"geometry":{"type":"MultiLineString","coordinates":[[[138.501534,36.000331],[138.501534,36.000331]]]}},{"type":"Feature","properties":{"name":"八木沢川"},"geometry":{"type":"MultiLineString","coordinates":[[[138.501534,36.000331],[138.501534,36.000331]]]}},{"type":"Feature","properties":{"name":"浅川"},"geometry":{"type":"MultiLineString","coordinates":[[[138.501533,36.000331],[138.501533,36.000331]]]}},{"type":"Feature","properties":{"name":"松川"},"geometry":{"type":"MultiLineString","coordinates":[[[138.501535,36.000331],[138.501535,36.000331]]]}},{"type":"Feature","properties":{"name":"姫川"},"geometry":{"type":"MultiLineString","coordinates":[[[138.501529,36.000331],[138.501529,36.000331]]]}},{"type":"Feature","properties":{"name":"姫川"},"geometry":{"type":"MultiLineString","coordinates":[[[138.501529,36.000331],[138.501529,36.000331]]]}},{"type":"Feature","properties":{"name":"松川"},"geometry":{"type":"MultiLineString","coordinates":[[[138.501535,36.000331],[138.501535,36.000331]]]}},{"type":"Feature","properties":{"name":"姫川"},"geometry":{"type":"MultiLineString","coordinates":[[[138.501529,36.000331],[138.501529,36.000331]]]}},{"type":"Feature","properties":{"name":"松川"},"geometry":{"type":"MultiLineString","coordinates":[[[138.501535,36.000331],[138.501535,36.000331]]]}},{"type":"Feature","properties":{"name":"浅川"},"geometry":{"type":"MultiLineString","coordinates":[[[138.501533,36.000331],[138.501533,36.000331]]]}},{"type":"Feature","properties":{"name":"八木沢川"},"geometry":{"type":"MultiLineString","coordinates":[[[138.501535,36.00033],[138.501535,36.00033]]]}},{"type":"Feature","properties":{"name":"八木沢川"},"geometry":{"type":"MultiLineString","coordinates":[[[138.501535,36.00033],[138.501535,36.00033]]]}},{"type":"Feature","properties":{"name":"松川"},"geometry":{"type":"MultiLineString","coordinates":[[[138.501536,36.00033],[138.501536,36.00033]]]}},{"type":"Feature","properties":{"name":"松川"},"geometry":{"type":"MultiLineString","coordinates":[[[138.501536,36.00033],[138.501536,36.00033]]]}},{"type":"Feature","properties":{"name":"松川"},"geometry":{"type":"MultiLineString","coordinates":[[[138.501536,36.00033],[138.501536,36.00033]]]}},{"type":"Feature","properties":{"name":"姫川"},"geometry":{"type":"MultiLineString","coordinates":[[[138.501529,36.00033],[138.501529,36.000331]]]}},{"type":"Feature","properties":{"name":"松川"},"geometry":{"type":"MultiLineString","coordinates":[[[138.501536,36.00033],[138.501535,36.000331]]]}},{"type":"Feature","properties":{"name":"姫川"},"geometry":{"type":"MultiLineString","coordinates":[[[138.501529,36.00033],[138.501529,36.00033]]]}},{"type":"Feature","properties":{"name":"松川"},"geometry":{"type":"MultiLineString","coordinates":[[[138.501536,36.00033],[138.501536,36.00033]]]}},{"type":"Feature","properties":{"name":"鮎川"},"geometry":{"type":"MultiLineString","coordinates":[[[138.501534,36.00033],[138.501534,36.00033]]]}},{"type":"Feature","properties":{"name":"八木沢川"},"geometry":{"type":"MultiLineString","coordinates":[[[138.501535,36.00033],[138.501535,36.00033]]]}},{"type":"Feature","properties":{"name":"八木沢川"},"geometry":{"type":"MultiLineString","coordinates":[[[138.501535,36.00033],[138.501534,36.000331]]]}},{"type":"Feature","properties":{"name":"姫川"},"geometry":{"type":"MultiLineString","coordinates":[[[138.501529,36.00033],[138.501529,36.00033]]]}},{"type":"Feature","properties":{"name":"姫川"},"geometry":{"type":"MultiLineString","coordinates":[[[138.501529,36.00033],[138.501529,36.00033]]]}},{"type":"Feature","properties":{"name":"灰野川"},"geometry":{"type":"MultiLineString","coordinates":[[[138.501534,36.00033],[138.501534,36.00033]]]}},{"type":"Feature","properties":{"name":"姫川"},"geometry":{"type":"MultiLineString","coordinates":[[[138.501529,36.00033],[138.501529,36.00033]]]}},{"type":"Feature","properties":{"name":"犀川"},"geometry":{"type":"MultiLineString","coordinates":[[[138.501533,36.00033],[138.501533,36.00033]]]}},{"type":"Feature","properties":{"name":"犀川"},"geometry":{"type":"MultiLineString","coordinates":[[[138.501533,36.00033],[138.501533,36.00033]]]}},{"type":"Feature","properties":{"name":"犀川"},"geometry":{"type":"MultiLineString","coordinates":[[[138.501533,36.00033],[138.501533,36.00033]]]}},{"type":"Feature","properties":{"name":"犀川"},"geometry":{"type":"MultiLineString","coordinates":[[[138.501532,36.00033],[138.501532,36.00033]]]}},{"type":"Feature","properties":{"name":"犀川"},"geometry":{"type":"MultiLineString","coordinates":[[[138.501532,36.00033],[138.501533,36.00033]]]}},{"type":"Feature","properties":{"name":"犀川"},"geometry":{"type":"MultiLineString","coordinates":[[[138.501532,36.00033],[138.501532,36.00033]]]}},{"type":"Feature","properties":{"name":"犀川"},"geometry":{"type":"MultiLineString","coordinates":[[[138.501532,36.00033],[138.501532,36.00033]]]}},{"type":"Feature","properties":{"name":"犀川"},"geometry":{"type":"MultiLineString","coordinates":[[[138.501532,36.00033],[138.501532,36.00033]]]}},{"type":"Feature","properties":{"name":"犀川"},"geometry":{"type":"MultiLineString","coordinates":[[[138.501533,36.00033],[138.501533,36.00033]]]}},{"type":"Feature","properties":{"name":"犀川"},"geometry":{"type":"MultiLineString","coordinates":[[[138.501533,36.00033],[138.501533,36.00033]]]}},{"type":"Feature","properties":{"name":"灰野川"},"geometry":{"type":"MultiLineString","coordinates":[[[138.501535,36.00033],[138.501534,36.00033]]]}},{"type":"Feature","properties":{"name":"犀川"},"geometry":{"type":"MultiLineString","coordinates":[[[138.501533,36.00033],[138.501533,36.00033]]]}},{"type":"Feature","properties":{"name":"灰野川"},"geometry":{"type":"MultiLineString","coordinates":[[[138.501535,36.00033],[138.501535,36.00033]]]}},{"type":"Feature","properties":{"name":"灰野川"},"geometry":{"type":"MultiLineString","coordinates":[[[138.501535,36.00033],[138.501535,36.00033]]]}},{"type":"Feature","properties":{"name":"犀川"},"geometry":{"type":"MultiLineString","coordinates":[[[138.501532,36.00033],[138.501532,36.00033]]]}},{"type":"Feature","properties":{"name":"犀川"},"geometry":{"type":"MultiLineString","coordinates":[[[138.501531,36.00033],[138.501532,36.00033]]]}},{"type":"Feature","properties":{"name":"灰野川"},"geometry":{"type":"MultiLineString","coordinates":[[[138.501535,36.00033],[138.501535,36.00033]]]}},{"type":"Feature","properties":{"name":"犀川"},"geometry":{"type":"MultiLineString","coordinates":[[[138.501531,36.00033],[138.501531,36.00033]]]}},{"type":"Feature","properties":{"name":"犀川"},"geometry":{"type":"MultiLineString","coordinates":[[[138.501531,36.00033],[138.501531,36.00033]]]}},{"type":"Feature","properties":{"name":"鮎川"},"geometry":{"type":"MultiLineString","coordinates":[[[138.501534,36.00033],[138.501534,36.00033]]]}},{"type":"Feature","properties":{"name":"犀川"},"geometry":{"type":"MultiLineString","coordinates":[[[138.501531,36.00033],[138.501531,36.00033]]]}},{"type":"Feature","properties":{"name":"犀川"},"geometry":{"type":"MultiLineString","coordinates":[[[138.501531,36.00033],[138.501531,36.00033]]]}},{"type":"Feature","properties":{"name":"犀川"},"geometry":{"type":"MultiLineString","coordinates":[[[138.501531,36.00033],[138.501531,36.00033]]]}},{"type":"Feature","properties":{"name":"犀川"},"geometry":{"type":"MultiLineString","coordinates":[[[138.501531,36.00033],[138.501531,36.00033]]]}},{"type":"Feature","properties":{"name":"犀川"},"geometry":{"type":"MultiLineString","coordinates":[[[138.501531,36.00033],[138.501531,36.00033]]]}},{"type":"Feature","properties":{"name":"犀川"},"geometry":{"type":"MultiLineString","coordinates":[[[138.501531,36.00033],[138.501531,36.00033]]]}},{"type":"Feature","properties":{"name":"犀川"},"geometry":{"type":"MultiLineString","coordinates":[[[138.501531,36.00033],[138.501531,36.00033]]]}},{"type":"Feature","properties":{"name":"犀川"},"geometry":{"type":"MultiLineString","coordinates":[[[138.501531,36.00033],[138.501531,36.00033]]]}},{"type":"Feature","properties":{"name":"犀川"},"geometry":{"type":"MultiLineString","coordinates":[[[138.501531,36.00033],[138.501531,36.00033]]]}},{"type":"Feature","properties":{"name":"沢山川"},"geometry":{"type":"MultiLineString","coordinates":[[[138.501532,36.000329],[138.501532,36.000329]]]}},{"type":"Feature","properties":{"name":"犀川"},"geometry":{"type":"MultiLineString","coordinates":[[[138.501531,36.000329],[138.501531,36.00033]]]}},{"type":"Feature","properties":{"name":"沢山川"},"geometry":{"type":"MultiLineString","coordinates":[[[138.501532,36.000329],[138.501532,36.000329]]]}},{"type":"Feature","properties":{"name":"沢山川"},"geometry":{"type":"MultiLineString","coordinates":[[[138.501532,36.000329],[138.501532,36.000329]]]}},{"type":"Feature","properties":{"name":"犀川"},"geometry":{"type":"MultiLineString","coordinates":[[[138.50153,36.000329],[138.501531,36.000329]]]}},{"type":"Feature","properties":{"name":"犀川"},"geometry":{"type":"MultiLineString","coordinates":[[[138.50153,36.000329],[138.50153,36.000329]]]}},{"type":"Feature","properties":{"name":"沢山川"},"geometry":{"type":"MultiLineString","coordinates":[[[138.501532,36.000329],[138.501532,36.000329]]]}},{"type":"Feature","properties":{"name":"犀川"},"geometry":{"type":"MultiLineString","coordinates":[[[138.50153,36.000329],[138.50153,36.000329]]]}},{"type":"Feature","properties":{"name":"高瀬川"},"geometry":{"type":"MultiLineString","coordinates":[[[138.501528,36.000329],[138.501528,36.000329]]]}},{"type":"Feature","properties":{"name":"高瀬川"},"geometry":{"type":"MultiLineString","coordinates":[[[138.501528,36.000329],[138.501528,36.000329]]]}},{"type":"Feature","properties":{"name":"高瀬川"},"geometry":{"type":"MultiLineString","coordinates":[[[138.501528,36.000329],[138.501528,36.000329]]]}},{"type":"Feature","properties":{"name":"高瀬川"},"geometry":{"type":"MultiLineString","coordinates":[[[138.501528,36.000329],[138.501528,36.000329]]]}},{"type":"Feature","properties":{"name":"宮川"},"geometry":{"type":"MultiLineString","coordinates":[[[138.501532,36.000329],[138.501532,36.000329]]]}},{"type":"Feature","properties":{"name":"更級川"},"geometry":{"type":"MultiLineString","coordinates":[[[138.501532,36.000329],[138.501532,36.000329]]]}},{"type":"Feature","properties":{"name":"高瀬川"},"geometry":{"type":"MultiLineString","coordinates":[[[138.501529,36.000329],[138.501529,36.000329]]]}},{"type":"Feature","properties":{"name":"高瀬川"},"geometry":{"type":"MultiLineString","coordinates":[[[138.501529,36.000329],[138.501529,36.000329]]]}},{"type":"Feature","properties":{"name":"高瀬川"},"geometry":{"type":"MultiLineString","coordinates":[[[138.501528,36.000329],[138.501529,36.000329]]]}},{"type":"Feature","properties":{"name":"高瀬川"},"geometry":{"type":"MultiLineString","coordinates":[[[138.501529,36.000329],[138.501529,36.000329]]]}},{"type":"Feature","properties":{"name":"高瀬川"},"geometry":{"type":"MultiLineString","coordinates":[[[138.501529,36.000329],[138.501529,36.000329]]]}},{"type":"Feature","properties":{"name":"更級川"},"geometry":{"type":"MultiLineString","coordinates":[[[138.501532,36.000329],[138.501532,36.000329]]]}},{"type":"Feature","properties":{"name":"高瀬川"},"geometry":{"type":"MultiLineString","coordinates":[[[138.501529,36.000329],[138.501529,36.000329]]]}},{"type":"Feature","properties":{"name":"高瀬川"},"geometry":{"type":"MultiLineString","coordinates":[[[138.501528,36.000329],[138.501528,36.000329]]]}},{"type":"Feature","properties":{"name":"犀川"},"geometry":{"type":"MultiLineString","coordinates":[[[138.50153,36.000329],[138.50153,36.000329]]]}},{"type":"Feature","properties":{"name":"高瀬川"},"geometry":{"type":"MultiLineString","coordinates":[[[138.501528,36.000329],[138.501528,36.000329]]]}},{"type":"Feature","properties":{"name":"神川"},"geometry":{"type":"MultiLineString","coordinates":[[[138.501535,36.000329],[138.501535,36.000329]]]}},{"type":"Feature","properties":{"name":"神川"},"geometry":{"type":"MultiLineString","coordinates":[[[138.501535,36.000329],[138.501535,36.000329]]]}},{"type":"Feature","properties":{"name":"沢山川"},"geometry":{"type":"MultiLineString","coordinates":[[[138.501533,36.000329],[138.501532,36.000329]]]}},{"type":"Feature","properties":{"name":"犀川"},"geometry":{"type":"MultiLineString","coordinates":[[[138.50153,36.000329],[138.50153,36.000329]]]}},{"type":"Feature","properties":{"name":"神川"},"geometry":{"type":"MultiLineString","coordinates":[[[138.501535,36.000329],[138.501535,36.000329]]]}},{"type":"Feature","properties":{"name":"犀川"},"geometry":{"type":"MultiLineString","coordinates":[[[138.50153,36.000329],[138.50153,36.000329]]]}},{"type":"Feature","properties":{"name":"沢山川"},"geometry":{"type":"MultiLineString","coordinates":[[[138.501533,36.000329],[138.501533,36.000329]]]}},{"type":"Feature","properties":{"name":"犀川"},"geometry":{"type":"MultiLineString","coordinates":[[[138.50153,36.000329],[138.50153,36.000329]]]}},{"type":"Feature","properties":{"name":"高瀬川"},"geometry":{"type":"MultiLineString","coordinates":[[[138.501528,36.000329],[138.501528,36.000329]]]}},{"type":"Feature","properties":{"name":"沢山川"},"geometry":{"type":"MultiLineString","coordinates":[[[138.501533,36.000329],[138.501533,36.000329]]]}},{"type":"Feature","properties":{"name":"更級川"},"geometry":{"type":"MultiLineString","coordinates":[[[138.501532,36.000329],[138.501532,36.000329]]]}},{"type":"Feature","properties":{"name":"沢山川"},"geometry":{"type":"MultiLineString","coordinates":[[[138.501533,36.000329],[138.501533,36.000329]]]}},{"type":"Feature","properties":{"name":"高瀬川"},"geometry":{"type":"MultiLineString","coordinates":[[[138.501528,36.000329],[138.501528,36.000329]]]}},{"type":"Feature","properties":{"name":"高瀬川"},"geometry":{"type":"MultiLineString","coordinates":[[[138.501528,36.000329],[138.501528,36.000329]]]}},{"type":"Feature","properties":{"name":"高瀬川"},"geometry":{"type":"MultiLineString","coordinates":[[[138.501528,36.000329],[138.501528,36.000329]]]}},{"type":"Feature","properties":{"name":"犀川"},"geometry":{"type":"MultiLineString","coordinates":[[[138.50153,36.000329],[138.50153,36.000329]]]}},{"type":"Feature","properties":{"name":"高瀬川"},"geometry":{"type":"MultiLineString","coordinates":[[[138.501527,36.000329],[138.501528,36.000329]]]}},{"type":"Feature","properties":{"name":"高瀬川"},"geometry":{"type":"MultiLineString","coordinates":[[[138.501528,36.000329],[138.501528,36.000329]]]}},{"type":"Feature","properties":{"name":"高瀬川"},"geometry":{"type":"MultiLineString","coordinates":[[[138.501528,36.000329],[138.501528,36.000329]]]}},{"type":"Feature","properties":{"name":"高瀬川"},"geometry":{"type":"MultiLineString","coordinates":[[[138.501527,36.000329],[138.501527,36.000329]]]}},{"type":"Feature","properties":{"name":"神川"},"geometry":{"type":"MultiLineString","coordinates":[[[138.501535,36.000329],[138.501535,36.000329]]]}},{"type":"Feature","properties":{"name":"高瀬川"},"geometry":{"type":"MultiLineString","coordinates":[[[138.501527,36.000329],[138.501527,36.000329]]]}},{"type":"Feature","properties":{"name":"高瀬川"},"geometry":{"type":"MultiLineString","coordinates":[[[138.501527,36.000329],[138.501527,36.000329]]]}},{"type":"Feature","properties":{"name":"高瀬川"},"geometry":{"type":"MultiLineString","coordinates":[[[138.501527,36.000329],[138.501527,36.000329]]]}},{"type":"Feature","properties":{"name":"高瀬川"},"geometry":{"type":"MultiLineString","coordinates":[[[138.501527,36.000329],[138.501527,36.000329]]]}},{"type":"Feature","properties":{"name":"高瀬川"},"geometry":{"type":"MultiLineString","coordinates":[[[138.501527,36.000329],[138.501527,36.000329]]]}},{"type":"Feature","properties":{"name":"犀川"},"geometry":{"type":"MultiLineString","coordinates":[[[138.50153,36.000329],[138.50153,36.000329]]]}},{"type":"Feature","properties":{"name":"高瀬川"},"geometry":{"type":"MultiLineString","coordinates":[[[138.501529,36.000329],[138.501529,36.000329]]]}},{"type":"Feature","properties":{"name":"宮川"},"geometry":{"type":"MultiLineString","coordinates":[[[138.501531,36.000329],[138.501531,36.000329]]]}},{"type":"Feature","properties":{"name":"高瀬川"},"geometry":{"type":"MultiLineString","coordinates":[[[138.501527,36.000329],[138.501527,36.000329]]]}},{"type":"Feature","properties":{"name":"犀川"},"geometry":{"type":"MultiLineString","coordinates":[[[138.50153,36.000329],[138.50153,36.000329]]]}},{"type":"Feature","properties":{"name":"高瀬川"},"geometry":{"type":"MultiLineString","coordinates":[[[138.501529,36.000329],[138.501529,36.000329]]]}},{"type":"Feature","properties":{"name":"宮川"},"geometry":{"type":"MultiLineString","coordinates":[[[138.501531,36.000329],[138.501531,36.000329]]]}},{"type":"Feature","properties":{"name":"神川"},"geometry":{"type":"MultiLineString","coordinates":[[[138.501535,36.000329],[138.501534,36.000329]]]}},{"type":"Feature","properties":{"name":"神川"},"geometry":{"type":"MultiLineString","coordinates":[[[138.501534,36.000329],[138.501534,36.000329]]]}},{"type":"Feature","properties":{"name":"犀川"},"geometry":{"type":"MultiLineString","coordinates":[[[138.50153,36.000329],[138.50153,36.000329]]]}},{"type":"Feature","properties":{"name":"犀川"},"geometry":{"type":"MultiLineString","coordinates":[[[138.50153,36.000329],[138.50153,36.000329]]]}},{"type":"Feature","properties":{"name":"高瀬川"},"geometry":{"type":"MultiLineString","coordinates":[[[138.501527,36.000329],[138.501527,36.000329]]]}},{"type":"Feature","properties":{"name":"犀川"},"geometry":{"type":"MultiLineString","coordinates":[[[138.50153,36.000329],[138.50153,36.000329]]]}},{"type":"Feature","properties":{"name":"神川"},"geometry":{"type":"MultiLineString","coordinates":[[[138.501534,36.000329],[138.501534,36.000329]]]}},{"type":"Feature","properties":{"name":"宮川"},"geometry":{"type":"MultiLineString","coordinates":[[[138.501531,36.000329],[138.501531,36.000329]]]}},{"type":"Feature","properties":{"name":"神川"},"geometry":{"type":"MultiLineString","coordinates":[[[138.501534,36.000329],[138.501534,36.000329]]]}},{"type":"Feature","properties":{"name":"神川"},"geometry":{"type":"MultiLineString","coordinates":[[[138.501534,36.000329],[138.501534,36.000329]]]}},{"type":"Feature","properties":{"name":"高瀬川"},"geometry":{"type":"MultiLineString","coordinates":[[[138.501529,36.000329],[138.501529,36.000329]]]}},{"type":"Feature","properties":{"name":"高瀬川"},"geometry":{"type":"MultiLineString","coordinates":[[[138.501527,36.000329],[138.501527,36.000329]]]}},{"type":"Feature","properties":{"name":"高瀬川"},"geometry":{"type":"MultiLineString","coordinates":[[[138.501527,36.000329],[138.501527,36.000329]]]}},{"type":"Feature","properties":{"name":"高瀬川"},"geometry":{"type":"MultiLineString","coordinates":[[[138.501529,36.000329],[138.501529,36.000329]]]}},{"type":"Feature","properties":{"name":"神川"},"geometry":{"type":"MultiLineString","coordinates":[[[138.501534,36.000329],[138.501534,36.000329]]]}},{"type":"Feature","properties":{"name":"神川"},"geometry":{"type":"MultiLineString","coordinates":[[[138.501534,36.000329],[138.501534,36.000329]]]}},{"type":"Feature","properties":{"name":"神川"},"geometry":{"type":"MultiLineString","coordinates":[[[138.501534,36.000329],[138.501534,36.000328]]]}},{"type":"Feature","properties":{"name":"犀川"},"geometry":{"type":"MultiLineString","coordinates":[[[138.50153,36.000328],[138.50153,36.000329]]]}},{"type":"Feature","properties":{"name":"犀川"},"geometry":{"type":"MultiLineString","coordinates":[[[138.50153,36.000328],[138.50153,36.000328]]]}},{"type":"Feature","properties":{"name":"高瀬川"},"geometry":{"type":"MultiLineString","coordinates":[[[138.501527,36.000328],[138.501527,36.000329]]]}},{"type":"Feature","properties":{"name":"神川"},"geometry":{"type":"MultiLineString","coordinates":[[[138.501534,36.000328],[138.501534,36.000328]]]}},{"type":"Feature","properties":{"name":"高瀬川"},"geometry":{"type":"MultiLineString","coordinates":[[[138.501527,36.000328],[138.501527,36.000328]]]}},{"type":"Feature","properties":{"name":"高瀬川"},"geometry":{"type":"MultiLineString","coordinates":[[[138.501527,36.000328],[138.501527,36.000328]]]}},{"type":"Feature","properties":{"name":"神川"},"geometry":{"type":"MultiLineString","coordinates":[[[138.501534,36.000328],[138.501534,36.000328]]]}},{"type":"Feature","properties":{"name":"犀川"},"geometry":{"type":"MultiLineString","coordinates":[[[138.50153,36.000328],[138.50153,36.000328]]]}},{"type":"Feature","properties":{"name":"高瀬川"},"geometry":{"type":"MultiLineString","coordinates":[[[138.501527,36.000328],[138.501527,36.000328]]]}},{"type":"Feature","properties":{"name":"高瀬川"},"geometry":{"type":"MultiLineString","coordinates":[[[138.501527,36.000328],[138.501527,36.000328]]]}},{"type":"Feature","properties":{"name":"高瀬川"},"geometry":{"type":"MultiLineString","coordinates":[[[138.501527,36.000328],[138.501527,36.000328]]]}},{"type":"Feature","properties":{"name":"高瀬川"},"geometry":{"type":"MultiLineString","coordinates":[[[138.501529,36.000329],[138.501529,36.000328]]]}},{"type":"Feature","properties":{"name":"犀川"},"geometry":{"type":"MultiLineString","coordinates":[[[138.50153,36.000328],[138.50153,36.000328]]]}},{"type":"Feature","properties":{"name":"神川"},"geometry":{"type":"MultiLineString","coordinates":[[[138.501534,36.000328],[138.501534,36.000328]]]}},{"type":"Feature","properties":{"name":"高瀬川"},"geometry":{"type":"MultiLineString","coordinates":[[[138.501527,36.000328],[138.501527,36.000328]]]}},{"type":"Feature","properties":{"name":"犀川"},"geometry":{"type":"MultiLineString","coordinates":[[[138.50153,36.000328],[138.50153,36.000328]]]}},{"type":"Feature","properties":{"name":"犀川"},"geometry":{"type":"MultiLineString","coordinates":[[[138.50153,36.000328],[138.50153,36.000328]]]}},{"type":"Feature","properties":{"name":"神川"},"geometry":{"type":"MultiLineString","coordinates":[[[138.501534,36.000328],[138.501534,36.000328]]]}},{"type":"Feature","properties":{"name":"犀川"},"geometry":{"type":"MultiLineString","coordinates":[[[138.50153,36.000328],[138.50153,36.000328]]]}},{"type":"Feature","properties":{"name":"神川"},"geometry":{"type":"MultiLineString","coordinates":[[[138.501534,36.000328],[138.501534,36.000328]]]}},{"type":"Feature","properties":{"name":"高瀬川"},"geometry":{"type":"MultiLineString","coordinates":[[[138.501527,36.000328],[138.501527,36.000328]]]}},{"type":"Feature","properties":{"name":"神川"},"geometry":{"type":"MultiLineString","coordinates":[[[138.501534,36.000328],[138.501534,36.000328]]]}},{"type":"Feature","properties":{"name":"高瀬川"},"geometry":{"type":"MultiLineString","coordinates":[[[138.501527,36.000328],[138.501527,36.000328]]]}},{"type":"Feature","properties":{"name":"高瀬川"},"geometry":{"type":"MultiLineString","coordinates":[[[138.501527,36.000328],[138.501527,36.000328]]]}},{"type":"Feature","properties":{"name":"犀川"},"geometry":{"type":"MultiLineString","coordinates":[[[138.50153,36.000328],[138.50153,36.000328]]]}},{"type":"Feature","properties":{"name":"犀川"},"geometry":{"type":"MultiLineString","coordinates":[[[138.50153,36.000328],[138.50153,36.000328]]]}},{"type":"Feature","properties":{"name":"高瀬川"},"geometry":{"type":"MultiLineString","coordinates":[[[138.501529,36.000328],[138.501529,36.000328]]]}},{"type":"Feature","properties":{"name":"犀川"},"geometry":{"type":"MultiLineString","coordinates":[[[138.50153,36.000328],[138.50153,36.000328]]]}},{"type":"Feature","properties":{"name":"穂高川"},"geometry":{"type":"MultiLineString","coordinates":[[[138.501528,36.000328],[138.501528,36.000328]]]}},{"type":"Feature","properties":{"name":"犀川"},"geometry":{"type":"MultiLineString","coordinates":[[[138.50153,36.000328],[138.50153,36.000328]]]}},{"type":"Feature","properties":{"name":"穂高川"},"geometry":{"type":"MultiLineString","coordinates":[[[138.501529,36.000328],[138.501529,36.000328]]]}},{"type":"Feature","properties":{"name":"穂高川"},"geometry":{"type":"MultiLineString","coordinates":[[[138.501529,36.000328],[138.501529,36.000328]]]}},{"type":"Feature","properties":{"name":"穂高川"},"geometry":{"type":"MultiLineString","coordinates":[[[138.501528,36.000328],[138.501528,36.000328]]]}},{"type":"Feature","properties":{"name":"浦野川"},"geometry":{"type":"MultiLineString","coordinates":[[[138.501533,36.000328],[138.501533,36.000328]]]}},{"type":"Feature","properties":{"name":"湯川"},"geometry":{"type":"MultiLineString","coordinates":[[[138.501538,36.000328],[138.501538,36.000328]]]}},{"type":"Feature","properties":{"name":"湯川"},"geometry":{"type":"MultiLineString","coordinates":[[[138.501538,36.000328],[138.501537,36.000328]]]}},{"type":"Feature","properties":{"name":"犀川"},"geometry":{"type":"MultiLineString","coordinates":[[[138.50153,36.000328],[138.50153,36.000328]]]}},{"type":"Feature","properties":{"name":"高瀬川"},"geometry":{"type":"MultiLineString","coordinates":[[[138.501529,36.000328],[138.501529,36.000328]]]}},{"type":"Feature","properties":{"name":"穂高川"},"geometry":{"type":"MultiLineString","coordinates":[[[138.501529,36.000328],[138.501529,36.000328]]]}},{"type":"Feature","properties":{"name":"穂高川"},"geometry":{"type":"MultiLineString","coordinates":[[[138.501528,36.000328],[138.501528,36.000328]]]}},{"type":"Feature","properties":{"name":"穂高川"},"geometry":{"type":"MultiLineString","coordinates":[[[138.501529,36.000328],[138.501529,36.000328]]]}},{"type":"Feature","properties":{"name":"湯川"},"geometry":{"type":"MultiLineString","coordinates":[[[138.501537,36.000328],[138.501537,36.000328]]]}},{"type":"Feature","properties":{"name":"湯川"},"geometry":{"type":"MultiLineString","coordinates":[[[138.501537,36.000328],[138.501537,36.000328]]]}},{"type":"Feature","properties":{"name":"犀川"},"geometry":{"type":"MultiLineString","coordinates":[[[138.50153,36.000328],[138.50153,36.000328]]]}},{"type":"Feature","properties":{"name":"穂高川"},"geometry":{"type":"MultiLineString","coordinates":[[[138.501528,36.000328],[138.501528,36.000328]]]}},{"type":"Feature","properties":{"name":"犀川"},"geometry":{"type":"MultiLineString","coordinates":[[[138.50153,36.000328],[138.50153,36.000328]]]}},{"type":"Feature","properties":{"name":"濁川"},"geometry":{"type":"MultiLineString","coordinates":[[[138.501537,36.000328],[138.501537,36.000328]]]}},{"type":"Feature","properties":{"name":"穂高川"},"geometry":{"type":"MultiLineString","coordinates":[[[138.501529,36.000328],[138.501529,36.000328]]]}},{"type":"Feature","properties":{"name":"穂高川"},"geometry":{"type":"MultiLineString","coordinates":[[[138.501529,36.000328],[138.501529,36.000328]]]}},{"type":"Feature","properties":{"name":"犀川"},"geometry":{"type":"MultiLineString","coordinates":[[[138.50153,36.000328],[138.50153,36.000328]]]}},{"type":"Feature","properties":{"name":"浦野川"},"geometry":{"type":"MultiLineString","coordinates":[[[138.501533,36.000328],[138.501533,36.000328]]]}},{"type":"Feature","properties":{"name":"高瀬川"},"geometry":{"type":"MultiLineString","coordinates":[[[138.501529,36.000328],[138.501529,36.000328]]]}},{"type":"Feature","properties":{"name":"穂高川"},"geometry":{"type":"MultiLineString","coordinates":[[[138.501528,36.000328],[138.501529,36.000328]]]}},{"type":"Feature","properties":{"name":"穂高川"},"geometry":{"type":"MultiLineString","coordinates":[[[138.501528,36.000328],[138.501528,36.000328]]]}},{"type":"Feature","properties":{"name":"神川"},"geometry":{"type":"MultiLineString","coordinates":[[[138.501534,36.000328],[138.501534,36.000328]]]}},{"type":"Feature","properties":{"name":"穂高川"},"geometry":{"type":"MultiLineString","coordinates":[[[138.501528,36.000328],[138.501528,36.000328]]]}},{"type":"Feature","properties":{"name":"穂高川"},"geometry":{"type":"MultiLineString","coordinates":[[[138.501528,36.000328],[138.501528,36.000328]]]}},{"type":"Feature","properties":{"name":"浦野川"},"geometry":{"type":"MultiLineString","coordinates":[[[138.501533,36.000328],[138.501533,36.000328]]]}},{"type":"Feature","properties":{"name":"浦野川"},"geometry":{"type":"MultiLineString","coordinates":[[[138.501533,36.000328],[138.501533,36.000328]]]}},{"type":"Feature","properties":{"name":"浦野川"},"geometry":{"type":"MultiLineString","coordinates":[[[138.501532,36.000328],[138.501533,36.000328]]]}},{"type":"Feature","properties":{"name":"犀川"},"geometry":{"type":"MultiLineString","coordinates":[[[138.50153,36.000328],[138.50153,36.000328]]]}},{"type":"Feature","properties":{"name":"湯川"},"geometry":{"type":"MultiLineString","coordinates":[[[138.501533,36.000328],[138.501533,36.000328]]]}},{"type":"Feature","properties":{"name":"浦野川"},"geometry":{"type":"MultiLineString","coordinates":[[[138.501532,36.000328],[138.501532,36.000328]]]}},{"type":"Feature","properties":{"name":"浦野川"},"geometry":{"type":"MultiLineString","coordinates":[[[138.501532,36.000328],[138.501532,36.000328]]]}},{"type":"Feature","properties":{"name":"高瀬川"},"geometry":{"type":"MultiLineString","coordinates":[[[138.501529,36.000328],[138.501529,36.000328]]]}},{"type":"Feature","properties":{"name":"浦野川"},"geometry":{"type":"MultiLineString","coordinates":[[[138.501532,36.000328],[138.501532,36.000328]]]}},{"type":"Feature","properties":{"name":"湯川"},"geometry":{"type":"MultiLineString","coordinates":[[[138.501532,36.000328],[138.501532,36.000328]]]}},{"type":"Feature","properties":{"name":"湯川"},"geometry":{"type":"MultiLineString","coordinates":[[[138.501532,36.000328],[138.501532,36.000328]]]}},{"type":"Feature","properties":{"name":"湯川"},"geometry":{"type":"MultiLineString","coordinates":[[[138.501533,36.000328],[138.501533,36.000328]]]}},{"type":"Feature","properties":{"name":"犀川"},"geometry":{"type":"MultiLineString","coordinates":[[[138.50153,36.000328],[138.50153,36.000328]]]}},{"type":"Feature","properties":{"name":"湯川"},"geometry":{"type":"MultiLineString","coordinates":[[[138.501537,36.000328],[138.501537,36.000328]]]}},{"type":"Feature","properties":{"name":"湯川"},"geometry":{"type":"MultiLineString","coordinates":[[[138.501537,36.000328],[138.501537,36.000328]]]}},{"type":"Feature","properties":{"name":"穂高川"},"geometry":{"type":"MultiLineString","coordinates":[[[138.501529,36.000328],[138.501529,36.000328]]]}},{"type":"Feature","properties":{"name":"穂高川"},"geometry":{"type":"MultiLineString","coordinates":[[[138.501529,36.000328],[138.501529,36.000328]]]}},{"type":"Feature","properties":{"name":"穂高川"},"geometry":{"type":"MultiLineString","coordinates":[[[138.501529,36.000328],[138.501529,36.000328]]]}},{"type":"Feature","properties":{"name":"穂高川"},"geometry":{"type":"MultiLineString","coordinates":[[[138.501529,36.000328],[138.501529,36.000328]]]}},{"type":"Feature","properties":{"name":"依田川"},"geometry":{"type":"MultiLineString","coordinates":[[[138.501534,36.000328],[138.501534,36.000328]]]}},{"type":"Feature","properties":{"name":"湯川"},"geometry":{"type":"MultiLineString","coordinates":[[[138.501532,36.000328],[138.501533,36.000328]]]}},{"type":"Feature","properties":{"name":"犀川"},"geometry":{"type":"MultiLineString","coordinates":[[[138.50153,36.000328],[138.50153,36.000328]]]}},{"type":"Feature","properties":{"name":"犀川"},"geometry":{"type":"MultiLineString","coordinates":[[[138.50153,36.000328],[138.50153,36.000328]]]}},{"type":"Feature","properties":{"name":"高瀬川"},"geometry":{"type":"MultiLineString","coordinates":[[[138.501529,36.000328],[138.50153,36.000328]]]}},{"type":"Feature","properties":{"name":"高瀬川"},"geometry":{"type":"MultiLineString","coordinates":[[[138.50153,36.000328],[138.50153,36.000328]]]}},{"type":"Feature","properties":{"name":"依田川"},"geometry":{"type":"MultiLineString","coordinates":[[[138.501534,36.000328],[138.501534,36.000328]]]}},{"type":"Feature","properties":{"name":"犀川"},"geometry":{"type":"MultiLineString","coordinates":[[[138.50153,36.000328],[138.50153,36.000328]]]}},{"type":"Feature","properties":{"name":"穂高川"},"geometry":{"type":"MultiLineString","coordinates":[[[138.501529,36.000328],[138.50153,36.000328]]]}},{"type":"Feature","properties":{"name":"穂高川"},"geometry":{"type":"MultiLineString","coordinates":[[[138.50153,36.000328],[138.50153,36.000328]]]}},{"type":"Feature","properties":{"name":"万水川"},"geometry":{"type":"MultiLineString","coordinates":[[[138.50153,36.000328],[138.50153,36.000328]]]}},{"type":"Feature","properties":{"name":"依田川"},"geometry":{"type":"MultiLineString","coordinates":[[[138.501534,36.000328],[138.501534,36.000328]]]}},{"type":"Feature","properties":{"name":"万水川"},"geometry":{"type":"MultiLineString","coordinates":[[[138.50153,36.000328],[138.50153,36.000328]]]}},{"type":"Feature","properties":{"name":"湯川"},"geometry":{"type":"MultiLineString","coordinates":[[[138.501537,36.000328],[138.501537,36.000328]]]}},{"type":"Feature","properties":{"name":"依田川"},"geometry":{"type":"MultiLineString","coordinates":[[[138.501534,36.000327],[138.501534,36.000328]]]}},{"type":"Feature","properties":{"name":"湯川"},"geometry":{"type":"MultiLineString","coordinates":[[[138.501537,36.000328],[138.501537,36.000327]]]}},{"type":"Feature","properties":{"name":"万水川"},"geometry":{"type":"MultiLineString","coordinates":[[[138.50153,36.000327],[138.50153,36.000328]]]}},{"type":"Feature","properties":{"name":"湯川"},"geometry":{"type":"MultiLineString","coordinates":[[[138.501537,36.000327],[138.501537,36.000327]]]}},{"type":"Feature","properties":{"name":"依田川"},"geometry":{"type":"MultiLineString","coordinates":[[[138.501534,36.000327],[138.501534,36.000327]]]}},{"type":"Feature","properties":{"name":"湯川"},"geometry":{"type":"MultiLineString","coordinates":[[[138.501537,36.000327],[138.501537,36.000327]]]}},{"type":"Feature","properties":{"name":"湯川"},"geometry":{"type":"MultiLineString","coordinates":[[[138.501537,36.000327],[138.501537,36.000327]]]}},{"type":"Feature","properties":{"name":"内村川"},"geometry":{"type":"MultiLineString","coordinates":[[[138.501534,36.000327],[138.501534,36.000327]]]}},{"type":"Feature","properties":{"name":"湯川"},"geometry":{"type":"MultiLineString","coordinates":[[[138.501537,36.000327],[138.501537,36.000327]]]}},{"type":"Feature","properties":{"name":"依田川"},"geometry":{"type":"MultiLineString","coordinates":[[[138.501534,36.000327],[138.501534,36.000327]]]}},{"type":"Feature","properties":{"name":"内村川"},"geometry":{"type":"MultiLineString","coordinates":[[[138.501534,36.000327],[138.501534,36.000327]]]}},{"type":"Feature","properties":{"name":"万水川"},"geometry":{"type":"MultiLineString","coordinates":[[[138.50153,36.000327],[138.50153,36.000327]]]}},{"type":"Feature","properties":{"name":"湯川"},"geometry":{"type":"MultiLineString","coordinates":[[[138.501537,36.000327],[138.501537,36.000327]]]}},{"type":"Feature","properties":{"name":"万水川"},"geometry":{"type":"MultiLineString","coordinates":[[[138.50153,36.000327],[138.50153,36.000327]]]}},{"type":"Feature","properties":{"name":"犀川"},"geometry":{"type":"MultiLineString","coordinates":[[[138.50153,36.000327],[138.50153,36.000328]]]}},{"type":"Feature","properties":{"name":"湯川"},"geometry":{"type":"MultiLineString","coordinates":[[[138.501537,36.000327],[138.501537,36.000327]]]}},{"type":"Feature","properties":{"name":"湯川"},"geometry":{"type":"MultiLineString","coordinates":[[[138.501537,36.000327],[138.501537,36.000327]]]}},{"type":"Feature","properties":{"name":"湯川"},"geometry":{"type":"MultiLineString","coordinates":[[[138.501537,36.000327],[138.501537,36.000327]]]}},{"type":"Feature","properties":{"name":"万水川"},"geometry":{"type":"MultiLineString","coordinates":[[[138.50153,36.000327],[138.50153,36.000327]]]}},{"type":"Feature","properties":{"name":"浅川"},"geometry":{"type":"MultiLineString","coordinates":[[[138.501529,36.000327],[138.501529,36.000327]]]}},{"type":"Feature","properties":{"name":"犀川"},"geometry":{"type":"MultiLineString","coordinates":[[[138.50153,36.000327],[138.50153,36.000327]]]}},{"type":"Feature","properties":{"name":"依田川"},"geometry":{"type":"MultiLineString","coordinates":[[[138.501534,36.000327],[138.501534,36.000327]]]}},{"type":"Feature","properties":{"name":"犀川"},"geometry":{"type":"MultiLineString","coordinates":[[[138.50153,36.000327],[138.50153,36.000327]]]}},{"type":"Feature","properties":{"name":"依田川"},"geometry":{"type":"MultiLineString","coordinates":[[[138.501534,36.000327],[138.501534,36.000327]]]}},{"type":"Feature","properties":{"name":"濁川"},"geometry":{"type":"MultiLineString","coordinates":[[[138.501537,36.000328],[138.501536,36.000327]]]}},{"type":"Feature","properties":{"name":"湯川"},"geometry":{"type":"MultiLineString","coordinates":[[[138.501537,36.000327],[138.501537,36.000327]]]}},{"type":"Feature","properties":{"name":"湯川"},"geometry":{"type":"MultiLineString","coordinates":[[[138.501537,36.000327],[138.501537,36.000327]]]}},{"type":"Feature","properties":{"name":"犀川"},"geometry":{"type":"MultiLineString","coordinates":[[[138.50153,36.000327],[138.50153,36.000327]]]}},{"type":"Feature","properties":{"name":"犀川"},"geometry":{"type":"MultiLineString","coordinates":[[[138.501527,36.000327],[138.501527,36.000327]]]}},{"type":"Feature","properties":{"name":"犀川"},"geometry":{"type":"MultiLineString","coordinates":[[[138.50153,36.000327],[138.50153,36.000327]]]}},{"type":"Feature","properties":{"name":"万水川"},"geometry":{"type":"MultiLineString","coordinates":[[[138.50153,36.000327],[138.50153,36.000327]]]}},{"type":"Feature","properties":{"name":"湯川"},"geometry":{"type":"MultiLineString","coordinates":[[[138.501537,36.000327],[138.501537,36.000327]]]}},{"type":"Feature","properties":{"name":"犀川"},"geometry":{"type":"MultiLineString","coordinates":[[[138.50153,36.000327],[138.50153,36.000327]]]}},{"type":"Feature","properties":{"name":"犀川"},"geometry":{"type":"MultiLineString","coordinates":[[[138.50153,36.000327],[138.50153,36.000327]]]}},{"type":"Feature","properties":{"name":"濁川"},"geometry":{"type":"MultiLineString","coordinates":[[[138.501536,36.000327],[138.501536,36.000327]]]}},{"type":"Feature","properties":{"name":"万水川"},"geometry":{"type":"MultiLineString","coordinates":[[[138.50153,36.000327],[138.50153,36.000327]]]}},{"type":"Feature","properties":{"name":"依田川"},"geometry":{"type":"MultiLineString","coordinates":[[[138.501534,36.000327],[138.501534,36.000327]]]}},{"type":"Feature","properties":{"name":"犀川"},"geometry":{"type":"MultiLineString","coordinates":[[[138.50153,36.000327],[138.50153,36.000327]]]}},{"type":"Feature","properties":{"name":"犀川"},"geometry":{"type":"MultiLineString","coordinates":[[[138.50153,36.000327],[138.50153,36.000327]]]}},{"type":"Feature","properties":{"name":"湯川"},"geometry":{"type":"MultiLineString","coordinates":[[[138.501537,36.000327],[138.501537,36.000327]]]}},{"type":"Feature","properties":{"name":"内村川"},"geometry":{"type":"MultiLineString","coordinates":[[[138.501533,36.000327],[138.501534,36.000327]]]}},{"type":"Feature","properties":{"name":"内村川"},"geometry":{"type":"MultiLineString","coordinates":[[[138.501533,36.000327],[138.501533,36.000327]]]}},{"type":"Feature","properties":{"name":"依田川"},"geometry":{"type":"MultiLineString","coordinates":[[[138.501533,36.000327],[138.501534,36.000327]]]}},{"type":"Feature","properties":{"name":"依田川"},"geometry":{"type":"MultiLineString","coordinates":[[[138.501533,36.000327],[138.501534,36.000327]]]}},{"type":"Feature","properties":{"name":"内村川"},"geometry":{"type":"MultiLineString","coordinates":[[[138.501533,36.000327],[138.501533,36.000327]]]}},{"type":"Feature","properties":{"name":"内村川"},"geometry":{"type":"MultiLineString","coordinates":[[[138.501532,36.000327],[138.501532,36.000327]]]}},{"type":"Feature","properties":{"name":"依田川"},"geometry":{"type":"MultiLineString","coordinates":[[[138.501533,36.000327],[138.501533,36.000327]]]}},{"type":"Feature","properties":{"name":"濁川"},"geometry":{"type":"MultiLineString","coordinates":[[[138.501536,36.000327],[138.501536,36.000327]]]}},{"type":"Feature","properties":{"name":"内村川"},"geometry":{"type":"MultiLineString","coordinates":[[[138.501532,36.000327],[138.501532,36.000327]]]}},{"type":"Feature","properties":{"name":"湯川"},"geometry":{"type":"MultiLineString","coordinates":[[[138.501537,36.000327],[138.501537,36.000327]]]}},{"type":"Feature","properties":{"name":"湯川"},"geometry":{"type":"MultiLineString","coordinates":[[[138.501537,36.000327],[138.501537,36.000327]]]}},{"type":"Feature","properties":{"name":"湯川"},"geometry":{"type":"MultiLineString","coordinates":[[[138.501537,36.000327],[138.501537,36.000327]]]}},{"type":"Feature","properties":{"name":"湯川"},"geometry":{"type":"MultiLineString","coordinates":[[[138.501537,36.000327],[138.501537,36.000327]]]}},{"type":"Feature","properties":{"name":"内村川"},"geometry":{"type":"MultiLineString","coordinates":[[[138.501533,36.000327],[138.501533,36.000327]]]}},{"type":"Feature","properties":{"name":"依田川"},"geometry":{"type":"MultiLineString","coordinates":[[[138.501534,36.000327],[138.501533,36.000327]]]}},{"type":"Feature","properties":{"name":"内村川"},"geometry":{"type":"MultiLineString","coordinates":[[[138.501532,36.000327],[138.501533,36.000327]]]}},{"type":"Feature","properties":{"name":"湯川"},"geometry":{"type":"MultiLineString","coordinates":[[[138.501537,36.000327],[138.501536,36.000327]]]}},{"type":"Feature","properties":{"name":"湯川"},"geometry":{"type":"MultiLineString","coordinates":[[[138.501536,36.000327],[138.501536,36.000327]]]}},{"type":"Feature","properties":{"name":"湯川"},"geometry":{"type":"MultiLineString","coordinates":[[[138.501536,36.000327],[138.501536,36.000327]]]}},{"type":"Feature","properties":{"name":"依田川"},"geometry":{"type":"MultiLineString","coordinates":[[[138.501534,36.000327],[138.501534,36.000327]]]}},{"type":"Feature","properties":{"name":"犀川"},"geometry":{"type":"MultiLineString","coordinates":[[[138.501527,36.000327],[138.501527,36.000327]]]}},{"type":"Feature","properties":{"name":"犀川"},"geometry":{"type":"MultiLineString","coordinates":[[[138.501527,36.000327],[138.501527,36.000327]]]}},{"type":"Feature","properties":{"name":"内村川"},"geometry":{"type":"MultiLineString","coordinates":[[[138.501532,36.000327],[138.501532,36.000327]]]}},{"type":"Feature","properties":{"name":"内村川"},"geometry":{"type":"MultiLineString","coordinates":[[[138.501532,36.000327],[138.501532,36.000327]]]}},{"type":"Feature","properties":{"name":"犀川"},"geometry":{"type":"MultiLineString","coordinates":[[[138.501527,36.000327],[138.501527,36.000327]]]}},{"type":"Feature","properties":{"name":"犀川"},"geometry":{"type":"MultiLineString","coordinates":[[[138.501527,36.000327],[138.501527,36.000327]]]}},{"type":"Feature","properties":{"name":"内村川"},"geometry":{"type":"MultiLineString","coordinates":[[[138.501532,36.000327],[138.501532,36.000327]]]}},{"type":"Feature","properties":{"name":"内村川"},"geometry":{"type":"MultiLineString","coordinates":[[[138.501532,36.000327],[138.501532,36.000327]]]}},{"type":"Feature","properties":{"name":"内村川"},"geometry":{"type":"MultiLineString","coordinates":[[[138.501532,36.000327],[138.501532,36.000327]]]}},{"type":"Feature","properties":{"name":"内村川"},"geometry":{"type":"MultiLineString","coordinates":[[[138.501532,36.000327],[138.501532,36.000327]]]}},{"type":"Feature","properties":{"name":"依田川"},"geometry":{"type":"MultiLineString","coordinates":[[[138.501534,36.000327],[138.501534,36.000327]]]}},{"type":"Feature","properties":{"name":"犀川"},"geometry":{"type":"MultiLineString","coordinates":[[[138.50153,36.000327],[138.50153,36.000327]]]}},{"type":"Feature","properties":{"name":"依田川"},"geometry":{"type":"MultiLineString","coordinates":[[[138.501534,36.000327],[138.501534,36.000327]]]}},{"type":"Feature","properties":{"name":"依田川"},"geometry":{"type":"MultiLineString","coordinates":[[[138.501534,36.000327],[138.501534,36.000327]]]}},{"type":"Feature","properties":{"name":"犀川"},"geometry":{"type":"MultiLineString","coordinates":[[[138.50153,36.000327],[138.50153,36.000327]]]}},{"type":"Feature","properties":{"name":"依田川"},"geometry":{"type":"MultiLineString","coordinates":[[[138.501534,36.000327],[138.501534,36.000327]]]}},{"type":"Feature","properties":{"name":"女鳥羽川"},"geometry":{"type":"MultiLineString","coordinates":[[[138.501531,36.000327],[138.501531,36.000327]]]}},{"type":"Feature","properties":{"name":"依田川"},"geometry":{"type":"MultiLineString","coordinates":[[[138.501534,36.000327],[138.501534,36.000327]]]}},{"type":"Feature","properties":{"name":"犀川"},"geometry":{"type":"MultiLineString","coordinates":[[[138.50153,36.000327],[138.50153,36.000327]]]}},{"type":"Feature","properties":{"name":"湯川"},"geometry":{"type":"MultiLineString","coordinates":[[[138.501536,36.000327],[138.501536,36.000327]]]}},{"type":"Feature","properties":{"name":"湯川"},"geometry":{"type":"MultiLineString","coordinates":[[[138.501536,36.000327],[138.501536,36.000327]]]}},{"type":"Feature","properties":{"name":"湯川"},"geometry":{"type":"MultiLineString","coordinates":[[[138.501536,36.000327],[138.501536,36.000327]]]}},{"type":"Feature","properties":{"name":"女鳥羽川"},"geometry":{"type":"MultiLineString","coordinates":[[[138.501531,36.000327],[138.501531,36.000327]]]}},{"type":"Feature","properties":{"name":"女鳥羽川"},"geometry":{"type":"MultiLineString","coordinates":[[[138.501531,36.000327],[138.501531,36.000327]]]}},{"type":"Feature","properties":{"name":"犀川"},"geometry":{"type":"MultiLineString","coordinates":[[[138.50153,36.000327],[138.50153,36.000327]]]}},{"type":"Feature","properties":{"name":"依田川"},"geometry":{"type":"MultiLineString","coordinates":[[[138.501534,36.000327],[138.501534,36.000327]]]}},{"type":"Feature","properties":{"name":"犀川"},"geometry":{"type":"MultiLineString","coordinates":[[[138.501527,36.000327],[138.501527,36.000327]]]}},{"type":"Feature","properties":{"name":"犀川"},"geometry":{"type":"MultiLineString","coordinates":[[[138.501527,36.000327],[138.501527,36.000327]]]}},{"type":"Feature","properties":{"name":"犀川"},"geometry":{"type":"MultiLineString","coordinates":[[[138.50153,36.000327],[138.50153,36.000327]]]}},{"type":"Feature","properties":{"name":"依田川"},"geometry":{"type":"MultiLineString","coordinates":[[[138.501534,36.000327],[138.501534,36.000327]]]}},{"type":"Feature","properties":{"name":"濁川"},"geometry":{"type":"MultiLineString","coordinates":[[[138.501536,36.000327],[138.501536,36.000327]]]}},{"type":"Feature","properties":{"name":"犀川"},"geometry":{"type":"MultiLineString","coordinates":[[[138.501527,36.000327],[138.501527,36.000327]]]}},{"type":"Feature","properties":{"name":"依田川"},"geometry":{"type":"MultiLineString","coordinates":[[[138.501534,36.000327],[138.501534,36.000327]]]}},{"type":"Feature","properties":{"name":"湯川"},"geometry":{"type":"MultiLineString","coordinates":[[[138.501536,36.000327],[138.501536,36.000327]]]}},{"type":"Feature","properties":{"name":"依田川"},"geometry":{"type":"MultiLineString","coordinates":[[[138.501534,36.000327],[138.501534,36.000327]]]}},{"type":"Feature","properties":{"name":"犀川"},"geometry":{"type":"MultiLineString","coordinates":[[[138.501527,36.000327],[138.501527,36.000327]]]}},{"type":"Feature","properties":{"name":"犀川"},"geometry":{"type":"MultiLineString","coordinates":[[[138.501527,36.000327],[138.501527,36.000327]]]}},{"type":"Feature","properties":{"name":"犀川"},"geometry":{"type":"MultiLineString","coordinates":[[[138.501527,36.000327],[138.501527,36.000327]]]}},{"type":"Feature","properties":{"name":"犀川"},"geometry":{"type":"MultiLineString","coordinates":[[[138.501527,36.000327],[138.501527,36.000327]]]}},{"type":"Feature","properties":{"name":"犀川"},"geometry":{"type":"MultiLineString","coordinates":[[[138.501527,36.000327],[138.501527,36.000327]]]}},{"type":"Feature","properties":{"name":"湯川"},"geometry":{"type":"MultiLineString","coordinates":[[[138.501536,36.000327],[138.501535,36.000327]]]}},{"type":"Feature","properties":{"name":"犀川"},"geometry":{"type":"MultiLineString","coordinates":[[[138.501527,36.000327],[138.501527,36.000327]]]}},{"type":"Feature","properties":{"name":"犀川"},"geometry":{"type":"MultiLineString","coordinates":[[[138.501527,36.000327],[138.501527,36.000327]]]}},{"type":"Feature","properties":{"name":"犀川"},"geometry":{"type":"MultiLineString","coordinates":[[[138.501527,36.000327],[138.501527,36.000327]]]}},{"type":"Feature","properties":{"name":"犀川"},"geometry":{"type":"MultiLineString","coordinates":[[[138.501527,36.000327],[138.501527,36.000327]]]}},{"type":"Feature","properties":{"name":"犀川"},"geometry":{"type":"MultiLineString","coordinates":[[[138.501527,36.000327],[138.501527,36.000327]]]}},{"type":"Feature","properties":{"name":"犀川"},"geometry":{"type":"MultiLineString","coordinates":[[[138.501527,36.000327],[138.501527,36.000327]]]}},{"type":"Feature","properties":{"name":"奈良井川"},"geometry":{"type":"MultiLineString","coordinates":[[[138.50153,36.000327],[138.50153,36.000327]]]}},{"type":"Feature","properties":{"name":"奈良井川"},"geometry":{"type":"MultiLineString","coordinates":[[[138.50153,36.000327],[138.50153,36.000327]]]}},{"type":"Feature","properties":{"name":"犀川"},"geometry":{"type":"MultiLineString","coordinates":[[[138.501527,36.000327],[138.501527,36.000327]]]}},{"type":"Feature","properties":{"name":"犀川"},"geometry":{"type":"MultiLineString","coordinates":[[[138.501527,36.000327],[138.501527,36.000327]]]}},{"type":"Feature","properties":{"name":"犀川"},"geometry":{"type":"MultiLineString","coordinates":[[[138.501527,36.000327],[138.501527,36.000327]]]}},{"type":"Feature","properties":{"name":"宮川"},"geometry":{"type":"MultiLineString","coordinates":[[[138.501535,36.000327],[138.501535,36.000327]]]}},{"type":"Feature","properties":{"name":"奈良井川"},"geometry":{"type":"MultiLineString","coordinates":[[[138.50153,36.000327],[138.50153,36.000327]]]}},{"type":"Feature","properties":{"name":"依田川"},"geometry":{"type":"MultiLineString","coordinates":[[[138.501534,36.000327],[138.501534,36.000327]]]}},{"type":"Feature","properties":{"name":"宮川"},"geometry":{"type":"MultiLineString","coordinates":[[[138.501535,36.000327],[138.501535,36.000327]]]}},{"type":"Feature","properties":{"name":"依田川"},"geometry":{"type":"MultiLineString","coordinates":[[[138.501534,36.000327],[138.501534,36.000327]]]}},{"type":"Feature","properties":{"name":"犀川"},"geometry":{"type":"MultiLineString","coordinates":[[[138.501527,36.000327],[138.501527,36.000327]]]}},{"type":"Feature","properties":{"name":"宮川"},"geometry":{"type":"MultiLineString","coordinates":[[[138.501535,36.000327],[138.501535,36.000327]]]}},{"type":"Feature","properties":{"name":"犀川"},"geometry":{"type":"MultiLineString","coordinates":[[[138.501527,36.000327],[138.501527,36.000327]]]}},{"type":"Feature","properties":{"name":"湯川"},"geometry":{"type":"MultiLineString","coordinates":[[[138.501531,36.000327],[138.501531,36.000327]]]}},{"type":"Feature","properties":{"name":"奈良井川"},"geometry":{"type":"MultiLineString","coordinates":[[[138.50153,36.000327],[138.50153,36.000327]]]}},{"type":"Feature","properties":{"name":"犀川"},"geometry":{"type":"MultiLineString","coordinates":[[[138.501527,36.000327],[138.501527,36.000327]]]}},{"type":"Feature","properties":{"name":"奈良井川"},"geometry":{"type":"MultiLineString","coordinates":[[[138.50153,36.000327],[138.50153,36.000327]]]}},{"type":"Feature","properties":{"name":"犀川"},"geometry":{"type":"MultiLineString","coordinates":[[[138.501527,36.000327],[138.501526,36.000327]]]}},{"type":"Feature","properties":{"name":"湯川"},"geometry":{"type":"MultiLineString","coordinates":[[[138.501531,36.000327],[138.501531,36.000327]]]}},{"type":"Feature","properties":{"name":"女鳥羽川"},"geometry":{"type":"MultiLineString","coordinates":[[[138.501531,36.000327],[138.50153,36.000327]]]}},{"type":"Feature","properties":{"name":"奈良井川"},"geometry":{"type":"MultiLineString","coordinates":[[[138.50153,36.000327],[138.50153,36.000327]]]}},{"type":"Feature","properties":{"name":"湯川"},"geometry":{"type":"MultiLineString","coordinates":[[[138.501531,36.000327],[138.50153,36.000327]]]}},{"type":"Feature","properties":{"name":"奈良井川"},"geometry":{"type":"MultiLineString","coordinates":[[[138.50153,36.000327],[138.50153,36.000327]]]}},{"type":"Feature","properties":{"name":"依田川"},"geometry":{"type":"MultiLineString","coordinates":[[[138.501534,36.000327],[138.501534,36.000327]]]}},{"type":"Feature","properties":{"name":"犀川"},"geometry":{"type":"MultiLineString","coordinates":[[[138.501526,36.000327],[138.501526,36.000327]]]}},{"type":"Feature","properties":{"name":"犀川"},"geometry":{"type":"MultiLineString","coordinates":[[[138.501526,36.000327],[138.501527,36.000327]]]}},{"type":"Feature","properties":{"name":"湯川"},"geometry":{"type":"MultiLineString","coordinates":[[[138.501531,36.000327],[138.501531,36.000327]]]}},{"type":"Feature","properties":{"name":"田川"},"geometry":{"type":"MultiLineString","coordinates":[[[138.50153,36.000327],[138.50153,36.000327]]]}},{"type":"Feature","properties":{"name":"女鳥羽川"},"geometry":{"type":"MultiLineString","coordinates":[[[138.50153,36.000327],[138.50153,36.000327]]]}},{"type":"Feature","properties":{"name":"田川"},"geometry":{"type":"MultiLineString","coordinates":[[[138.50153,36.000327],[138.50153,36.000327]]]}},{"type":"Feature","properties":{"name":"田川"},"geometry":{"type":"MultiLineString","coordinates":[[[138.50153,36.000327],[138.50153,36.000327]]]}},{"type":"Feature","properties":{"name":"奈良井川"},"geometry":{"type":"MultiLineString","coordinates":[[[138.50153,36.000327],[138.50153,36.000327]]]}},{"type":"Feature","properties":{"name":"奈良井川"},"geometry":{"type":"MultiLineString","coordinates":[[[138.50153,36.000327],[138.50153,36.000327]]]}},{"type":"Feature","properties":{"name":"犀川"},"geometry":{"type":"MultiLineString","coordinates":[[[138.501527,36.000327],[138.501526,36.000326]]]}},{"type":"Feature","properties":{"name":"島々谷川"},"geometry":{"type":"MultiLineString","coordinates":[[[138.501528,36.000327],[138.501528,36.000326]]]}},{"type":"Feature","properties":{"name":"島々谷川"},"geometry":{"type":"MultiLineString","coordinates":[[[138.501528,36.000326],[138.501528,36.000326]]]}},{"type":"Feature","properties":{"name":"犀川"},"geometry":{"type":"MultiLineString","coordinates":[[[138.501526,36.000326],[138.501526,36.000326]]]}},{"type":"Feature","properties":{"name":"田川"},"geometry":{"type":"MultiLineString","coordinates":[[[138.50153,36.000326],[138.50153,36.000327]]]}},{"type":"Feature","properties":{"name":"宮川"},"geometry":{"type":"MultiLineString","coordinates":[[[138.501535,36.000326],[138.501535,36.000327]]]}},{"type":"Feature","properties":{"name":"奈良井川"},"geometry":{"type":"MultiLineString","coordinates":[[[138.50153,36.000326],[138.50153,36.000327]]]}},{"type":"Feature","properties":{"name":"奈良井川"},"geometry":{"type":"MultiLineString","coordinates":[[[138.50153,36.000326],[138.50153,36.000326]]]}},{"type":"Feature","properties":{"name":"奈良井川"},"geometry":{"type":"MultiLineString","coordinates":[[[138.50153,36.000326],[138.50153,36.000326]]]}},{"type":"Feature","properties":{"name":"奈良井川"},"geometry":{"type":"MultiLineString","coordinates":[[[138.50153,36.000326],[138.50153,36.000326]]]}},{"type":"Feature","properties":{"name":"奈良井川"},"geometry":{"type":"MultiLineString","coordinates":[[[138.50153,36.000326],[138.50153,36.000326]]]}},{"type":"Feature","properties":{"name":"奈良井川"},"geometry":{"type":"MultiLineString","coordinates":[[[138.50153,36.000326],[138.50153,36.000326]]]}},{"type":"Feature","properties":{"name":"奈良井川"},"geometry":{"type":"MultiLineString","coordinates":[[[138.50153,36.000326],[138.50153,36.000326]]]}},{"type":"Feature","properties":{"name":"田川"},"geometry":{"type":"MultiLineString","coordinates":[[[138.50153,36.000326],[138.50153,36.000326]]]}},{"type":"Feature","properties":{"name":"宮川"},"geometry":{"type":"MultiLineString","coordinates":[[[138.501535,36.000326],[138.501535,36.000326]]]}},{"type":"Feature","properties":{"name":"犀川"},"geometry":{"type":"MultiLineString","coordinates":[[[138.501529,36.000326],[138.50153,36.000327]]]}},{"type":"Feature","properties":{"name":"田川"},"geometry":{"type":"MultiLineString","coordinates":[[[138.50153,36.000326],[138.50153,36.000326]]]}},{"type":"Feature","properties":{"name":"奈良井川"},"geometry":{"type":"MultiLineString","coordinates":[[[138.50153,36.000326],[138.50153,36.000326]]]}},{"type":"Feature","properties":{"name":"田川"},"geometry":{"type":"MultiLineString","coordinates":[[[138.50153,36.000326],[138.50153,36.000326]]]}},{"type":"Feature","properties":{"name":"犀川"},"geometry":{"type":"MultiLineString","coordinates":[[[138.501529,36.000326],[138.501529,36.000326]]]}},{"type":"Feature","properties":{"name":"犀川"},"geometry":{"type":"MultiLineString","coordinates":[[[138.501529,36.000326],[138.501529,36.000326]]]}},{"type":"Feature","properties":{"name":"島々谷川"},"geometry":{"type":"MultiLineString","coordinates":[[[138.501528,36.000326],[138.501528,36.000326]]]}},{"type":"Feature","properties":{"name":"依田川"},"geometry":{"type":"MultiLineString","coordinates":[[[138.501533,36.000326],[138.501534,36.000327]]]}},{"type":"Feature","properties":{"name":"島々谷川"},"geometry":{"type":"MultiLineString","coordinates":[[[138.501528,36.000326],[138.501528,36.000326]]]}},{"type":"Feature","properties":{"name":"犀川"},"geometry":{"type":"MultiLineString","coordinates":[[[138.501526,36.000326],[138.501526,36.000326]]]}},{"type":"Feature","properties":{"name":"島々谷川"},"geometry":{"type":"MultiLineString","coordinates":[[[138.501528,36.000326],[138.501528,36.000326]]]}},{"type":"Feature","properties":{"name":"奈良井川"},"geometry":{"type":"MultiLineString","coordinates":[[[138.50153,36.000326],[138.50153,36.000326]]]}},{"type":"Feature","properties":{"name":"犀川"},"geometry":{"type":"MultiLineString","coordinates":[[[138.501529,36.000326],[138.501529,36.000326]]]}},{"type":"Feature","properties":{"name":"奈良井川"},"geometry":{"type":"MultiLineString","coordinates":[[[138.50153,36.000326],[138.50153,36.000326]]]}},{"type":"Feature","properties":{"name":"奈良井川"},"geometry":{"type":"MultiLineString","coordinates":[[[138.50153,36.000326],[138.50153,36.000326]]]}},{"type":"Feature","properties":{"name":"犀川"},"geometry":{"type":"MultiLineString","coordinates":[[[138.501526,36.000326],[138.501526,36.000326]]]}},{"type":"Feature","properties":{"name":"奈良井川"},"geometry":{"type":"MultiLineString","coordinates":[[[138.50153,36.000326],[138.50153,36.000326]]]}},{"type":"Feature","properties":{"name":"依田川"},"geometry":{"type":"MultiLineString","coordinates":[[[138.501533,36.000326],[138.501533,36.000326]]]}},{"type":"Feature","properties":{"name":"依田川"},"geometry":{"type":"MultiLineString","coordinates":[[[138.501533,36.000326],[138.501533,36.000326]]]}},{"type":"Feature","properties":{"name":"犀川"},"geometry":{"type":"MultiLineString","coordinates":[[[138.501526,36.000326],[138.501527,36.000326]]]}},{"type":"Feature","properties":{"name":"島々谷川"},"geometry":{"type":"MultiLineString","coordinates":[[[138.501528,36.000326],[138.501528,36.000326]]]}},{"type":"Feature","properties":{"name":"奈良井川"},"geometry":{"type":"MultiLineString","coordinates":[[[138.50153,36.000326],[138.50153,36.000326]]]}},{"type":"Feature","properties":{"name":"奈良井川"},"geometry":{"type":"MultiLineString","coordinates":[[[138.50153,36.000326],[138.50153,36.000326]]]}},{"type":"Feature","properties":{"name":"島々谷川"},"geometry":{"type":"MultiLineString","coordinates":[[[138.501528,36.000326],[138.501528,36.000326]]]}},{"type":"Feature","properties":{"name":"犀川"},"geometry":{"type":"MultiLineString","coordinates":[[[138.501529,36.000326],[138.501529,36.000326]]]}},{"type":"Feature","properties":{"name":"島々谷川"},"geometry":{"type":"MultiLineString","coordinates":[[[138.501528,36.000326],[138.501528,36.000326]]]}},{"type":"Feature","properties":{"name":"島々谷川"},"geometry":{"type":"MultiLineString","coordinates":[[[138.501528,36.000326],[138.501528,36.000326]]]}},{"type":"Feature","properties":{"name":"犀川"},"geometry":{"type":"MultiLineString","coordinates":[[[138.501527,36.000326],[138.501527,36.000326]]]}},{"type":"Feature","properties":{"name":"犀川"},"geometry":{"type":"MultiLineString","coordinates":[[[138.501529,36.000326],[138.501529,36.000326]]]}},{"type":"Feature","properties":{"name":"犀川"},"geometry":{"type":"MultiLineString","coordinates":[[[138.501529,36.000326],[138.501529,36.000326]]]}},{"type":"Feature","properties":{"name":"島々谷川"},"geometry":{"type":"MultiLineString","coordinates":[[[138.501528,36.000326],[138.501528,36.000326]]]}},{"type":"Feature","properties":{"name":"犀川"},"geometry":{"type":"MultiLineString","coordinates":[[[138.501527,36.000326],[138.501527,36.000326]]]}},{"type":"Feature","properties":{"name":"犀川"},"geometry":{"type":"MultiLineString","coordinates":[[[138.501529,36.000326],[138.501529,36.000326]]]}},{"type":"Feature","properties":{"name":"犀川"},"geometry":{"type":"MultiLineString","coordinates":[[[138.501528,36.000326],[138.501529,36.000326]]]}},{"type":"Feature","properties":{"name":"犀川"},"geometry":{"type":"MultiLineString","coordinates":[[[138.501528,36.000326],[138.501528,36.000326]]]}},{"type":"Feature","properties":{"name":"犀川"},"geometry":{"type":"MultiLineString","coordinates":[[[138.501528,36.000326],[138.501528,36.000326]]]}},{"type":"Feature","properties":{"name":"犀川"},"geometry":{"type":"MultiLineString","coordinates":[[[138.501528,36.000326],[138.501528,36.000326]]]}},{"type":"Feature","properties":{"name":"犀川"},"geometry":{"type":"MultiLineString","coordinates":[[[138.501528,36.000326],[138.501528,36.000326]]]}},{"type":"Feature","properties":{"name":"依田川"},"geometry":{"type":"MultiLineString","coordinates":[[[138.501532,36.000326],[138.501533,36.000326]]]}},{"type":"Feature","properties":{"name":"依田川"},"geometry":{"type":"MultiLineString","coordinates":[[[138.501533,36.000326],[138.501533,36.000326]]]}},{"type":"Feature","properties":{"name":"依田川"},"geometry":{"type":"MultiLineString","coordinates":[[[138.501533,36.000326],[138.501533,36.000326]]]}},{"type":"Feature","properties":{"name":"犀川"},"geometry":{"type":"MultiLineString","coordinates":[[[138.501527,36.000326],[138.501527,36.000326]]]}},{"type":"Feature","properties":{"name":"田川"},"geometry":{"type":"MultiLineString","coordinates":[[[138.50153,36.000326],[138.50153,36.000326]]]}},{"type":"Feature","properties":{"name":"犀川"},"geometry":{"type":"MultiLineString","coordinates":[[[138.501527,36.000326],[138.501527,36.000326]]]}},{"type":"Feature","properties":{"name":"湯川"},"geometry":{"type":"MultiLineString","coordinates":[[[138.501527,36.000326],[138.501527,36.000326]]]}},{"type":"Feature","properties":{"name":"犀川"},"geometry":{"type":"MultiLineString","coordinates":[[[138.501527,36.000326],[138.501527,36.000326]]]}},{"type":"Feature","properties":{"name":"犀川"},"geometry":{"type":"MultiLineString","coordinates":[[[138.501527,36.000326],[138.501527,36.000326]]]}},{"type":"Feature","properties":{"name":"犀川"},"geometry":{"type":"MultiLineString","coordinates":[[[138.501527,36.000326],[138.501527,36.000326]]]}},{"type":"Feature","properties":{"name":"田川"},"geometry":{"type":"MultiLineString","coordinates":[[[138.50153,36.000326],[138.50153,36.000326]]]}},{"type":"Feature","properties":{"name":"犀川"},"geometry":{"type":"MultiLineString","coordinates":[[[138.501528,36.000326],[138.501528,36.000326]]]}},{"type":"Feature","properties":{"name":"犀川"},"geometry":{"type":"MultiLineString","coordinates":[[[138.501527,36.000326],[138.501527,36.000326]]]}},{"type":"Feature","properties":{"name":"抜井川"},"geometry":{"type":"MultiLineString","coordinates":[[[138.501537,36.000326],[138.501537,36.000326]]]}},{"type":"Feature","properties":{"name":"抜井川"},"geometry":{"type":"MultiLineString","coordinates":[[[138.501537,36.000326],[138.501536,36.000326]]]}},{"type":"Feature","properties":{"name":"横川川"},"geometry":{"type":"MultiLineString","coordinates":[[[138.50153,36.000325],[138.50153,36.000324]]]}},{"type":"Feature","properties":{"name":"犀川"},"geometry":{"type":"MultiLineString","coordinates":[[[138.501527,36.000326],[138.501527,36.000326]]]}},{"type":"Feature","properties":{"name":"犀川"},"geometry":{"type":"MultiLineString","coordinates":[[[138.501527,36.000326],[138.501527,36.000326]]]}},{"type":"Feature","properties":{"name":"犀川"},"geometry":{"type":"MultiLineString","coordinates":[[[138.501527,36.000326],[138.501527,36.000326]]]}},{"type":"Feature","properties":{"name":"犀川"},"geometry":{"type":"MultiLineString","coordinates":[[[138.501528,36.000326],[138.501528,36.000326]]]}},{"type":"Feature","properties":{"name":"抜井川"},"geometry":{"type":"MultiLineString","coordinates":[[[138.501536,36.000326],[138.501536,36.000326]]]}},{"type":"Feature","properties":{"name":"犀川"},"geometry":{"type":"MultiLineString","coordinates":[[[138.501528,36.000326],[138.501528,36.000326]]]}},{"type":"Feature","properties":{"name":"湯川"},"geometry":{"type":"MultiLineString","coordinates":[[[138.501527,36.000326],[138.501527,36.000326]]]}},{"type":"Feature","properties":{"name":"抜井川"},"geometry":{"type":"MultiLineString","coordinates":[[[138.501536,36.000326],[138.501536,36.000326]]]}},{"type":"Feature","properties":{"name":"湯川"},"geometry":{"type":"MultiLineString","coordinates":[[[138.501527,36.000326],[138.501527,36.000326]]]}},{"type":"Feature","properties":{"name":"抜井川"},"geometry":{"type":"MultiLineString","coordinates":[[[138.501536,36.000326],[138.501536,36.000326]]]}},{"type":"Feature","properties":{"name":"犀川"},"geometry":{"type":"MultiLineString","coordinates":[[[138.501527,36.000326],[138.501527,36.000326]]]}},{"type":"Feature","properties":{"name":"田川"},"geometry":{"type":"MultiLineString","coordinates":[[[138.50153,36.000326],[138.50153,36.000326]]]}},{"type":"Feature","properties":{"name":"抜井川"},"geometry":{"type":"MultiLineString","coordinates":[[[138.501536,36.000326],[138.501536,36.000326]]]}},{"type":"Feature","properties":{"name":"抜井川"},"geometry":{"type":"MultiLineString","coordinates":[[[138.501536,36.000326],[138.501536,36.000326]]]}},{"type":"Feature","properties":{"name":"犀川"},"geometry":{"type":"MultiLineString","coordinates":[[[138.501527,36.000326],[138.501527,36.000326]]]}},{"type":"Feature","properties":{"name":"犀川"},"geometry":{"type":"MultiLineString","coordinates":[[[138.501527,36.000326],[138.501527,36.000326]]]}},{"type":"Feature","properties":{"name":"田川"},"geometry":{"type":"MultiLineString","coordinates":[[[138.50153,36.000326],[138.50153,36.000326]]]}},{"type":"Feature","properties":{"name":"抜井川"},"geometry":{"type":"MultiLineString","coordinates":[[[138.501536,36.000326],[138.501536,36.000326]]]}},{"type":"Feature","properties":{"name":"湯川"},"geometry":{"type":"MultiLineString","coordinates":[[[138.501526,36.000326],[138.501527,36.000326]]]}},{"type":"Feature","properties":{"name":"湯川"},"geometry":{"type":"MultiLineString","coordinates":[[[138.501526,36.000326],[138.501526,36.000326]]]}},{"type":"Feature","properties":{"name":"横河川"},"geometry":{"type":"MultiLineString","coordinates":[[[138.501531,36.000326],[138.501531,36.000326]]]}},{"type":"Feature","properties":{"name":"田川"},"geometry":{"type":"MultiLineString","coordinates":[[[138.50153,36.000326],[138.50153,36.000326]]]}},{"type":"Feature","properties":{"name":"横河川"},"geometry":{"type":"MultiLineString","coordinates":[[[138.501531,36.000326],[138.501531,36.000326]]]}},{"type":"Feature","properties":{"name":"犀川"},"geometry":{"type":"MultiLineString","coordinates":[[[138.501528,36.000326],[138.501528,36.000326]]]}},{"type":"Feature","properties":{"name":"犀川"},"geometry":{"type":"MultiLineString","coordinates":[[[138.501528,36.000326],[138.501528,36.000326]]]}},{"type":"Feature","properties":{"name":"抜井川"},"geometry":{"type":"MultiLineString","coordinates":[[[138.501537,36.000326],[138.501537,36.000326]]]}},{"type":"Feature","properties":{"name":"犀川"},"geometry":{"type":"MultiLineString","coordinates":[[[138.501528,36.000326],[138.501528,36.000326]]]}},{"type":"Feature","properties":{"name":"犀川"},"geometry":{"type":"MultiLineString","coordinates":[[[138.501527,36.000326],[138.501528,36.000326]]]}},{"type":"Feature","properties":{"name":"砥川"},"geometry":{"type":"MultiLineString","coordinates":[[[138.501532,36.000326],[138.501532,36.000326]]]}},{"type":"Feature","properties":{"name":"砥川"},"geometry":{"type":"MultiLineString","coordinates":[[[138.501532,36.000326],[138.501532,36.000326]]]}},{"type":"Feature","properties":{"name":"砥川"},"geometry":{"type":"MultiLineString","coordinates":[[[138.501532,36.000326],[138.501532,36.000326]]]}},{"type":"Feature","properties":{"name":"奈良井川"},"geometry":{"type":"MultiLineString","coordinates":[[[138.50153,36.000326],[138.50153,36.000326]]]}},{"type":"Feature","properties":{"name":"抜井川"},"geometry":{"type":"MultiLineString","coordinates":[[[138.501537,36.000326],[138.501537,36.000326]]]}},{"type":"Feature","properties":{"name":"横河川"},"geometry":{"type":"MultiLineString","coordinates":[[[138.501531,36.000326],[138.501531,36.000326]]]}},{"type":"Feature","properties":{"name":"抜井川"},"geometry":{"type":"MultiLineString","coordinates":[[[138.501537,36.000326],[138.501537,36.000326]]]}},{"type":"Feature","properties":{"name":"砥川"},"geometry":{"type":"MultiLineString","coordinates":[[[138.501532,36.000326],[138.501532,36.000326]]]}},{"type":"Feature","properties":{"name":"田川"},"geometry":{"type":"MultiLineString","coordinates":[[[138.50153,36.000326],[138.50153,36.000326]]]}},{"type":"Feature","properties":{"name":"砥川"},"geometry":{"type":"MultiLineString","coordinates":[[[138.501532,36.000326],[138.501532,36.000326]]]}},{"type":"Feature","properties":{"name":"横河川"},"geometry":{"type":"MultiLineString","coordinates":[[[138.501531,36.000326],[138.501531,36.000326]]]}},{"type":"Feature","properties":{"name":"横河川"},"geometry":{"type":"MultiLineString","coordinates":[[[138.501531,36.000326],[138.501531,36.000326]]]}},{"type":"Feature","properties":{"name":"横河川"},"geometry":{"type":"MultiLineString","coordinates":[[[138.501531,36.000326],[138.501531,36.000326]]]}},{"type":"Feature","properties":{"name":"犀川"},"geometry":{"type":"MultiLineString","coordinates":[[[138.501527,36.000326],[138.501528,36.000326]]]}},{"type":"Feature","properties":{"name":"横河川"},"geometry":{"type":"MultiLineString","coordinates":[[[138.501531,36.000326],[138.501531,36.000326]]]}},{"type":"Feature","properties":{"name":"横河川"},"geometry":{"type":"MultiLineString","coordinates":[[[138.501531,36.000326],[138.501531,36.000326]]]}},{"type":"Feature","properties":{"name":"横河川"},"geometry":{"type":"MultiLineString","coordinates":[[[138.501531,36.000326],[138.501531,36.000326]]]}},{"type":"Feature","properties":{"name":"犀川"},"geometry":{"type":"MultiLineString","coordinates":[[[138.501527,36.000326],[138.501527,36.000326]]]}},{"type":"Feature","properties":{"name":"抜井川"},"geometry":{"type":"MultiLineString","coordinates":[[[138.501538,36.000326],[138.501537,36.000326]]]}},{"type":"Feature","properties":{"name":"砥川"},"geometry":{"type":"MultiLineString","coordinates":[[[138.501532,36.000326],[138.501532,36.000326]]]}},{"type":"Feature","properties":{"name":"犀川"},"geometry":{"type":"MultiLineString","coordinates":[[[138.501527,36.000325],[138.501527,36.000326]]]}},{"type":"Feature","properties":{"name":"犀川"},"geometry":{"type":"MultiLineString","coordinates":[[[138.501527,36.000325],[138.501527,36.000325]]]}},{"type":"Feature","properties":{"name":"横河川"},"geometry":{"type":"MultiLineString","coordinates":[[[138.501531,36.000326],[138.501531,36.000325]]]}},{"type":"Feature","properties":{"name":"抜井川"},"geometry":{"type":"MultiLineString","coordinates":[[[138.501538,36.000325],[138.501538,36.000326]]]}},{"type":"Feature","properties":{"name":"砥川"},"geometry":{"type":"MultiLineString","coordinates":[[[138.501532,36.000326],[138.501532,36.000325]]]}},{"type":"Feature","properties":{"name":"犀川"},"geometry":{"type":"MultiLineString","coordinates":[[[138.501527,36.000325],[138.501527,36.000325]]]}},{"type":"Feature","properties":{"name":"犀川"},"geometry":{"type":"MultiLineString","coordinates":[[[138.501527,36.000325],[138.501527,36.000325]]]}},{"type":"Feature","properties":{"name":"横河川"},"geometry":{"type":"MultiLineString","coordinates":[[[138.501531,36.000325],[138.501531,36.000325]]]}},{"type":"Feature","properties":{"name":"横河川"},"geometry":{"type":"MultiLineString","coordinates":[[[138.501531,36.000325],[138.501531,36.000325]]]}},{"type":"Feature","properties":{"name":"横河川"},"geometry":{"type":"MultiLineString","coordinates":[[[138.501531,36.000325],[138.501531,36.000325]]]}},{"type":"Feature","properties":{"name":"抜井川"},"geometry":{"type":"MultiLineString","coordinates":[[[138.501538,36.000325],[138.501538,36.000325]]]}},{"type":"Feature","properties":{"name":"横河川"},"geometry":{"type":"MultiLineString","coordinates":[[[138.501531,36.000325],[138.501531,36.000325]]]}},{"type":"Feature","properties":{"name":"犀川"},"geometry":{"type":"MultiLineString","coordinates":[[[138.501527,36.000325],[138.501527,36.000325]]]}},{"type":"Feature","properties":{"name":"砥川"},"geometry":{"type":"MultiLineString","coordinates":[[[138.501532,36.000325],[138.501532,36.000325]]]}},{"type":"Feature","properties":{"name":"田川"},"geometry":{"type":"MultiLineString","coordinates":[[[138.50153,36.000325],[138.50153,36.000326]]]}},{"type":"Feature","properties":{"name":"田川"},"geometry":{"type":"MultiLineString","coordinates":[[[138.50153,36.000325],[138.50153,36.000325]]]}},{"type":"Feature","properties":{"name":"田川"},"geometry":{"type":"MultiLineString","coordinates":[[[138.50153,36.000325],[138.50153,36.000325]]]}},{"type":"Feature","properties":{"name":"犀川"},"geometry":{"type":"MultiLineString","coordinates":[[[138.501527,36.000325],[138.501527,36.000325]]]}},{"type":"Feature","properties":{"name":"犀川"},"geometry":{"type":"MultiLineString","coordinates":[[[138.501527,36.000325],[138.501527,36.000325]]]}},{"type":"Feature","properties":{"name":"横河川"},"geometry":{"type":"MultiLineString","coordinates":[[[138.501531,36.000325],[138.501531,36.000325]]]}},{"type":"Feature","properties":{"name":"砥川"},"geometry":{"type":"MultiLineString","coordinates":[[[138.501532,36.000325],[138.501532,36.000325]]]}},{"type":"Feature","properties":{"name":"犀川"},"geometry":{"type":"MultiLineString","coordinates":[[[138.501527,36.000325],[138.501527,36.000325]]]}},{"type":"Feature","properties":{"name":"砥川"},"geometry":{"type":"MultiLineString","coordinates":[[[138.501532,36.000325],[138.501532,36.000325]]]}},{"type":"Feature","properties":{"name":"犀川"},"geometry":{"type":"MultiLineString","coordinates":[[[138.501527,36.000325],[138.501527,36.000325]]]}},{"type":"Feature","properties":{"name":"砥川"},"geometry":{"type":"MultiLineString","coordinates":[[[138.501532,36.000325],[138.501532,36.000325]]]}},{"type":"Feature","properties":{"name":"田川"},"geometry":{"type":"MultiLineString","coordinates":[[[138.501531,36.000325],[138.50153,36.000325]]]}},{"type":"Feature","properties":{"name":"田川"},"geometry":{"type":"MultiLineString","coordinates":[[[138.501531,36.000325],[138.501531,36.000325]]]}},{"type":"Feature","properties":{"name":"田川"},"geometry":{"type":"MultiLineString","coordinates":[[[138.501531,36.000325],[138.501531,36.000325]]]}},{"type":"Feature","properties":{"name":"砥川"},"geometry":{"type":"MultiLineString","coordinates":[[[138.501532,36.000325],[138.501532,36.000325]]]}},{"type":"Feature","properties":{"name":"奈良井川"},"geometry":{"type":"MultiLineString","coordinates":[[[138.50153,36.000325],[138.50153,36.000326]]]}},{"type":"Feature","properties":{"name":"奈良井川"},"geometry":{"type":"MultiLineString","coordinates":[[[138.50153,36.000325],[138.50153,36.000325]]]}},{"type":"Feature","properties":{"name":"砥川"},"geometry":{"type":"MultiLineString","coordinates":[[[138.501532,36.000325],[138.501532,36.000325]]]}},{"type":"Feature","properties":{"name":"砥川"},"geometry":{"type":"MultiLineString","coordinates":[[[138.501532,36.000325],[138.501532,36.000325]]]}},{"type":"Feature","properties":{"name":"砥川"},"geometry":{"type":"MultiLineString","coordinates":[[[138.501532,36.000325],[138.501532,36.000325]]]}},{"type":"Feature","properties":{"name":"砥川"},"geometry":{"type":"MultiLineString","coordinates":[[[138.501532,36.000325],[138.501532,36.000325]]]}},{"type":"Feature","properties":{"name":"奈良井川"},"geometry":{"type":"MultiLineString","coordinates":[[[138.50153,36.000325],[138.50153,36.000325]]]}},{"type":"Feature","properties":{"name":"奈良井川"},"geometry":{"type":"MultiLineString","coordinates":[[[138.50153,36.000325],[138.50153,36.000325]]]}},{"type":"Feature","properties":{"name":"奈良井川"},"geometry":{"type":"MultiLineString","coordinates":[[[138.50153,36.000325],[138.50153,36.000325]]]}},{"type":"Feature","properties":{"name":"奈良井川"},"geometry":{"type":"MultiLineString","coordinates":[[[138.50153,36.000325],[138.50153,36.000325]]]}},{"type":"Feature","properties":{"name":"横河川"},"geometry":{"type":"MultiLineString","coordinates":[[[138.501531,36.000325],[138.501531,36.000325]]]}},{"type":"Feature","properties":{"name":"奈良井川"},"geometry":{"type":"MultiLineString","coordinates":[[[138.50153,36.000325],[138.50153,36.000325]]]}},{"type":"Feature","properties":{"name":"砥川"},"geometry":{"type":"MultiLineString","coordinates":[[[138.501532,36.000325],[138.501532,36.000325]]]}},{"type":"Feature","properties":{"name":"奈良井川"},"geometry":{"type":"MultiLineString","coordinates":[[[138.50153,36.000325],[138.50153,36.000325]]]}},{"type":"Feature","properties":{"name":"天竜川"},"geometry":{"type":"MultiLineString","coordinates":[[[138.501532,36.000325],[138.501532,36.000325]]]}},{"type":"Feature","properties":{"name":"天竜川"},"geometry":{"type":"MultiLineString","coordinates":[[[138.501532,36.000325],[138.501532,36.000325]]]}},{"type":"Feature","properties":{"name":"天竜川"},"geometry":{"type":"MultiLineString","coordinates":[[[138.501532,36.000325],[138.501532,36.000325]]]}},{"type":"Feature","properties":{"name":"天竜川"},"geometry":{"type":"MultiLineString","coordinates":[[[138.501532,36.000325],[138.501532,36.000325]]]}},{"type":"Feature","properties":{"name":"天竜川"},"geometry":{"type":"MultiLineString","coordinates":[[[138.501532,36.000325],[138.501532,36.000325]]]}},{"type":"Feature","properties":{"name":"天竜川"},"geometry":{"type":"MultiLineString","coordinates":[[[138.501532,36.000325],[138.501532,36.000325]]]}},{"type":"Feature","properties":{"name":"砥川"},"geometry":{"type":"MultiLineString","coordinates":[[[138.501532,36.000325],[138.501532,36.000325]]]}},{"type":"Feature","properties":{"name":"天竜川"},"geometry":{"type":"MultiLineString","coordinates":[[[138.501531,36.000325],[138.501531,36.000325]]]}},{"type":"Feature","properties":{"name":"天竜川"},"geometry":{"type":"MultiLineString","coordinates":[[[138.501532,36.000325],[138.501532,36.000325]]]}},{"type":"Feature","properties":{"name":"奈良井川"},"geometry":{"type":"MultiLineString","coordinates":[[[138.50153,36.000325],[138.50153,36.000325]]]}},{"type":"Feature","properties":{"name":"天竜川"},"geometry":{"type":"MultiLineString","coordinates":[[[138.501532,36.000325],[138.501532,36.000325]]]}},{"type":"Feature","properties":{"name":"横河川"},"geometry":{"type":"MultiLineString","coordinates":[[[138.501531,36.000325],[138.501532,36.000325]]]}},{"type":"Feature","properties":{"name":"天竜川"},"geometry":{"type":"MultiLineString","coordinates":[[[138.501531,36.000325],[138.501531,36.000325]]]}},{"type":"Feature","properties":{"name":"天竜川"},"geometry":{"type":"MultiLineString","coordinates":[[[138.501532,36.000325],[138.501532,36.000325]]]}},{"type":"Feature","properties":{"name":"天竜川"},"geometry":{"type":"MultiLineString","coordinates":[[[138.501532,36.000325],[138.501532,36.000325]]]}},{"type":"Feature","properties":{"name":"天竜川"},"geometry":{"type":"MultiLineString","coordinates":[[[138.501532,36.000325],[138.501532,36.000325]]]}},{"type":"Feature","properties":{"name":"天竜川"},"geometry":{"type":"MultiLineString","coordinates":[[[138.501532,36.000325],[138.501531,36.000325]]]}},{"type":"Feature","properties":{"name":"奈良井川"},"geometry":{"type":"MultiLineString","coordinates":[[[138.501529,36.000325],[138.50153,36.000325]]]}},{"type":"Feature","properties":{"name":"奈良井川"},"geometry":{"type":"MultiLineString","coordinates":[[[138.501529,36.000325],[138.501529,36.000325]]]}},{"type":"Feature","properties":{"name":"上川"},"geometry":{"type":"MultiLineString","coordinates":[[[138.501532,36.000325],[138.501532,36.000325]]]}},{"type":"Feature","properties":{"name":"天竜川"},"geometry":{"type":"MultiLineString","coordinates":[[[138.501531,36.000325],[138.501531,36.000325]]]}},{"type":"Feature","properties":{"name":"衣之渡川"},"geometry":{"type":"MultiLineString","coordinates":[[[138.501532,36.000325],[138.501532,36.000325]]]}},{"type":"Feature","properties":{"name":"天竜川"},"geometry":{"type":"MultiLineString","coordinates":[[[138.501531,36.000325],[138.501531,36.000325]]]}},{"type":"Feature","properties":{"name":"宮川"},"geometry":{"type":"MultiLineString","coordinates":[[[138.501532,36.000325],[138.501532,36.000325]]]}},{"type":"Feature","properties":{"name":"上川"},"geometry":{"type":"MultiLineString","coordinates":[[[138.501532,36.000325],[138.501532,36.000325]]]}},{"type":"Feature","properties":{"name":"湯川"},"geometry":{"type":"MultiLineString","coordinates":[[[138.501536,36.000325],[138.501536,36.000325]]]}},{"type":"Feature","properties":{"name":"湯川"},"geometry":{"type":"MultiLineString","coordinates":[[[138.501536,36.000325],[138.501536,36.000325]]]}},{"type":"Feature","properties":{"name":"上川"},"geometry":{"type":"MultiLineString","coordinates":[[[138.501534,36.000325],[138.501534,36.000325]]]}},{"type":"Feature","properties":{"name":"小沢川"},"geometry":{"type":"MultiLineString","coordinates":[[[138.501536,36.000325],[138.501536,36.000325]]]}},{"type":"Feature","properties":{"name":"上川"},"geometry":{"type":"MultiLineString","coordinates":[[[138.501533,36.000325],[138.501533,36.000325]]]}},{"type":"Feature","properties":{"name":"上川"},"geometry":{"type":"MultiLineString","coordinates":[[[138.501534,36.000325],[138.501534,36.000325]]]}},{"type":"Feature","properties":{"name":"上川"},"geometry":{"type":"MultiLineString","coordinates":[[[138.501533,36.000325],[138.501533,36.000325]]]}},{"type":"Feature","properties":{"name":"上川"},"geometry":{"type":"MultiLineString","coordinates":[[[138.501534,36.000325],[138.501534,36.000325]]]}},{"type":"Feature","properties":{"name":"奈良井川"},"geometry":{"type":"MultiLineString","coordinates":[[[138.501529,36.000325],[138.501529,36.000325]]]}},{"type":"Feature","properties":{"name":"上川"},"geometry":{"type":"MultiLineString","coordinates":[[[138.501534,36.000325],[138.501533,36.000325]]]}},{"type":"Feature","properties":{"name":"上川"},"geometry":{"type":"MultiLineString","coordinates":[[[138.501534,36.000325],[138.501534,36.000325]]]}},{"type":"Feature","properties":{"name":"上川"},"geometry":{"type":"MultiLineString","coordinates":[[[138.501533,36.000325],[138.501533,36.000325]]]}},{"type":"Feature","properties":{"name":"天竜川"},"geometry":{"type":"MultiLineString","coordinates":[[[138.501531,36.000325],[138.501531,36.000325]]]}},{"type":"Feature","properties":{"name":"上川"},"geometry":{"type":"MultiLineString","coordinates":[[[138.501533,36.000325],[138.501533,36.000325]]]}},{"type":"Feature","properties":{"name":"奈良井川"},"geometry":{"type":"MultiLineString","coordinates":[[[138.501529,36.000325],[138.501529,36.000325]]]}},{"type":"Feature","properties":{"name":"奈良井川"},"geometry":{"type":"MultiLineString","coordinates":[[[138.501529,36.000325],[138.501529,36.000325]]]}},{"type":"Feature","properties":{"name":"宮川"},"geometry":{"type":"MultiLineString","coordinates":[[[138.501532,36.000325],[138.501532,36.000325]]]}},{"type":"Feature","properties":{"name":"小沢川"},"geometry":{"type":"MultiLineString","coordinates":[[[138.501537,36.000325],[138.501536,36.000325]]]}},{"type":"Feature","properties":{"name":"天竜川"},"geometry":{"type":"MultiLineString","coordinates":[[[138.501531,36.000325],[138.501531,36.000325]]]}},{"type":"Feature","properties":{"name":"天竜川"},"geometry":{"type":"MultiLineString","coordinates":[[[138.501531,36.000325],[138.501531,36.000325]]]}},{"type":"Feature","properties":{"name":"天竜川"},"geometry":{"type":"MultiLineString","coordinates":[[[138.501531,36.000325],[138.501531,36.000325]]]}},{"type":"Feature","properties":{"name":"上川"},"geometry":{"type":"MultiLineString","coordinates":[[[138.501533,36.000325],[138.501533,36.000325]]]}},{"type":"Feature","properties":{"name":"湯川"},"geometry":{"type":"MultiLineString","coordinates":[[[138.501535,36.000325],[138.501535,36.000325]]]}},{"type":"Feature","properties":{"name":"上川"},"geometry":{"type":"MultiLineString","coordinates":[[[138.501533,36.000325],[138.501533,36.000325]]]}},{"type":"Feature","properties":{"name":"天竜川"},"geometry":{"type":"MultiLineString","coordinates":[[[138.501531,36.000325],[138.501531,36.000325]]]}},{"type":"Feature","properties":{"name":"天竜川"},"geometry":{"type":"MultiLineString","coordinates":[[[138.501531,36.000325],[138.501531,36.000325]]]}},{"type":"Feature","properties":{"name":"湯川"},"geometry":{"type":"MultiLineString","coordinates":[[[138.501535,36.000325],[138.501535,36.000325]]]}},{"type":"Feature","properties":{"name":"湯川"},"geometry":{"type":"MultiLineString","coordinates":[[[138.501535,36.000325],[138.501536,36.000325]]]}},{"type":"Feature","properties":{"name":"湯川"},"geometry":{"type":"MultiLineString","coordinates":[[[138.501536,36.000325],[138.501536,36.000325]]]}},{"type":"Feature","properties":{"name":"湯川"},"geometry":{"type":"MultiLineString","coordinates":[[[138.501535,36.000325],[138.501535,36.000325]]]}},{"type":"Feature","properties":{"name":"奈良井川"},"geometry":{"type":"MultiLineString","coordinates":[[[138.501529,36.000325],[138.501529,36.000325]]]}},{"type":"Feature","properties":{"name":"横川川"},"geometry":{"type":"MultiLineString","coordinates":[[[138.50153,36.000325],[138.50153,36.000325]]]}},{"type":"Feature","properties":{"name":"上川"},"geometry":{"type":"MultiLineString","coordinates":[[[138.501533,36.000325],[138.501533,36.000325]]]}},{"type":"Feature","properties":{"name":"上川"},"geometry":{"type":"MultiLineString","coordinates":[[[138.501532,36.000325],[138.501532,36.000325]]]}},{"type":"Feature","properties":{"name":"天竜川"},"geometry":{"type":"MultiLineString","coordinates":[[[138.501531,36.000325],[138.501531,36.000325]]]}},{"type":"Feature","properties":{"name":"湯川"},"geometry":{"type":"MultiLineString","coordinates":[[[138.501535,36.000325],[138.501535,36.000325]]]}},{"type":"Feature","properties":{"name":"上川"},"geometry":{"type":"MultiLineString","coordinates":[[[138.501533,36.000325],[138.501533,36.000325]]]}},{"type":"Feature","properties":{"name":"上川"},"geometry":{"type":"MultiLineString","coordinates":[[[138.501532,36.000325],[138.501532,36.000325]]]}},{"type":"Feature","properties":{"name":"上川"},"geometry":{"type":"MultiLineString","coordinates":[[[138.501533,36.000325],[138.501533,36.000324]]]}},{"type":"Feature","properties":{"name":"横川川"},"geometry":{"type":"MultiLineString","coordinates":[[[138.50153,36.000324],[138.50153,36.000325]]]}},{"type":"Feature","properties":{"name":"奈良井川"},"geometry":{"type":"MultiLineString","coordinates":[[[138.501529,36.000324],[138.501529,36.000325]]]}},{"type":"Feature","properties":{"name":"宮川"},"geometry":{"type":"MultiLineString","coordinates":[[[138.501532,36.000324],[138.501532,36.000325]]]}},{"type":"Feature","properties":{"name":"宮川"},"geometry":{"type":"MultiLineString","coordinates":[[[138.501532,36.000324],[138.501532,36.000324]]]}},{"type":"Feature","properties":{"name":"上川"},"geometry":{"type":"MultiLineString","coordinates":[[[138.501533,36.000324],[138.501533,36.000324]]]}},{"type":"Feature","properties":{"name":"横川川"},"geometry":{"type":"MultiLineString","coordinates":[[[138.50153,36.000324],[138.50153,36.000324]]]}},{"type":"Feature","properties":{"name":"上川"},"geometry":{"type":"MultiLineString","coordinates":[[[138.501532,36.000324],[138.501532,36.000325]]]}},{"type":"Feature","properties":{"name":"宮川"},"geometry":{"type":"MultiLineString","coordinates":[[[138.501532,36.000324],[138.501532,36.000324]]]}},{"type":"Feature","properties":{"name":"上川"},"geometry":{"type":"MultiLineString","coordinates":[[[138.501532,36.000324],[138.501532,36.000324]]]}},{"type":"Feature","properties":{"name":"奈良井川"},"geometry":{"type":"MultiLineString","coordinates":[[[138.501529,36.000324],[138.501529,36.000324]]]}},{"type":"Feature","properties":{"name":"宮川"},"geometry":{"type":"MultiLineString","coordinates":[[[138.501532,36.000324],[138.501532,36.000324]]]}},{"type":"Feature","properties":{"name":"横川川"},"geometry":{"type":"MultiLineString","coordinates":[[[138.50153,36.000324],[138.50153,36.000324]]]}},{"type":"Feature","properties":{"name":"上川"},"geometry":{"type":"MultiLineString","coordinates":[[[138.501532,36.000324],[138.501532,36.000324]]]}},{"type":"Feature","properties":{"name":"上川"},"geometry":{"type":"MultiLineString","coordinates":[[[138.501532,36.000324],[138.501532,36.000324]]]}},{"type":"Feature","properties":{"name":"天竜川"},"geometry":{"type":"MultiLineString","coordinates":[[[138.501531,36.000325],[138.501531,36.000324]]]}},{"type":"Feature","properties":{"name":"天竜川"},"geometry":{"type":"MultiLineString","coordinates":[[[138.501531,36.000324],[138.501531,36.000324]]]}},{"type":"Feature","properties":{"name":"天竜川"},"geometry":{"type":"MultiLineString","coordinates":[[[138.501531,36.000324],[138.501531,36.000324]]]}},{"type":"Feature","properties":{"name":"横川川"},"geometry":{"type":"MultiLineString","coordinates":[[[138.50153,36.000324],[138.50153,36.000324]]]}},{"type":"Feature","properties":{"name":"上川"},"geometry":{"type":"MultiLineString","coordinates":[[[138.501533,36.000324],[138.501532,36.000324]]]}},{"type":"Feature","properties":{"name":"宮川"},"geometry":{"type":"MultiLineString","coordinates":[[[138.501532,36.000324],[138.501532,36.000324]]]}},{"type":"Feature","properties":{"name":"奈良井川"},"geometry":{"type":"MultiLineString","coordinates":[[[138.501529,36.000324],[138.501529,36.000324]]]}},{"type":"Feature","properties":{"name":"上川"},"geometry":{"type":"MultiLineString","coordinates":[[[138.501532,36.000324],[138.501532,36.000324]]]}},{"type":"Feature","properties":{"name":"奈良井川"},"geometry":{"type":"MultiLineString","coordinates":[[[138.501529,36.000324],[138.501529,36.000324]]]}},{"type":"Feature","properties":{"name":"奈良井川"},"geometry":{"type":"MultiLineString","coordinates":[[[138.501529,36.000324],[138.501529,36.000324]]]}},{"type":"Feature","properties":{"name":"横川川"},"geometry":{"type":"MultiLineString","coordinates":[[[138.50153,36.000324],[138.501531,36.000324]]]}},{"type":"Feature","properties":{"name":"宮川"},"geometry":{"type":"MultiLineString","coordinates":[[[138.501532,36.000324],[138.501532,36.000324]]]}},{"type":"Feature","properties":{"name":"天竜川"},"geometry":{"type":"MultiLineString","coordinates":[[[138.501531,36.000324],[138.501531,36.000324]]]}},{"type":"Feature","properties":{"name":"宮川"},"geometry":{"type":"MultiLineString","coordinates":[[[138.501532,36.000324],[138.501532,36.000324]]]}},{"type":"Feature","properties":{"name":"宮川"},"geometry":{"type":"MultiLineString","coordinates":[[[138.501532,36.000324],[138.501532,36.000324]]]}},{"type":"Feature","properties":{"name":"横川川"},"geometry":{"type":"MultiLineString","coordinates":[[[138.501531,36.000324],[138.501531,36.000324]]]}},{"type":"Feature","properties":{"name":"横川川"},"geometry":{"type":"MultiLineString","coordinates":[[[138.501531,36.000324],[138.501531,36.000324]]]}},{"type":"Feature","properties":{"name":"天竜川"},"geometry":{"type":"MultiLineString","coordinates":[[[138.501531,36.000324],[138.501531,36.000324]]]}},{"type":"Feature","properties":{"name":"天竜川"},"geometry":{"type":"MultiLineString","coordinates":[[[138.501531,36.000324],[138.501531,36.000324]]]}},{"type":"Feature","properties":{"name":"横川川"},"geometry":{"type":"MultiLineString","coordinates":[[[138.501531,36.000324],[138.501531,36.000324]]]}},{"type":"Feature","properties":{"name":"宮川"},"geometry":{"type":"MultiLineString","coordinates":[[[138.501533,36.000324],[138.501532,36.000324]]]}},{"type":"Feature","properties":{"name":"奈良井川"},"geometry":{"type":"MultiLineString","coordinates":[[[138.501529,36.000324],[138.501529,36.000324]]]}},{"type":"Feature","properties":{"name":"宮川"},"geometry":{"type":"MultiLineString","coordinates":[[[138.501533,36.000324],[138.501533,36.000324]]]}},{"type":"Feature","properties":{"name":"宮川"},"geometry":{"type":"MultiLineString","coordinates":[[[138.501533,36.000324],[138.501533,36.000324]]]}},{"type":"Feature","properties":{"name":"奈良井川"},"geometry":{"type":"MultiLineString","coordinates":[[[138.501529,36.000324],[138.501529,36.000324]]]}},{"type":"Feature","properties":{"name":"横川川"},"geometry":{"type":"MultiLineString","coordinates":[[[138.50153,36.000324],[138.50153,36.000324]]]}},{"type":"Feature","properties":{"name":"奈良井川"},"geometry":{"type":"MultiLineString","coordinates":[[[138.501529,36.000324],[138.501529,36.000324]]]}},{"type":"Feature","properties":{"name":"横川川"},"geometry":{"type":"MultiLineString","coordinates":[[[138.50153,36.000324],[138.50153,36.000324]]]}},{"type":"Feature","properties":{"name":"天竜川"},"geometry":{"type":"MultiLineString","coordinates":[[[138.501531,36.000324],[138.501531,36.000324]]]}},{"type":"Feature","properties":{"name":"沢川"},"geometry":{"type":"MultiLineString","coordinates":[[[138.501532,36.000324],[138.501531,36.000324]]]}},{"type":"Feature","properties":{"name":"宮川"},"geometry":{"type":"MultiLineString","coordinates":[[[138.501533,36.000324],[138.501533,36.000324]]]}},{"type":"Feature","properties":{"name":"宮川"},"geometry":{"type":"MultiLineString","coordinates":[[[138.501533,36.000324],[138.501533,36.000324]]]}},{"type":"Feature","properties":{"name":"横川川"},"geometry":{"type":"MultiLineString","coordinates":[[[138.50153,36.000324],[138.50153,36.000324]]]}},{"type":"Feature","properties":{"name":"横川川"},"geometry":{"type":"MultiLineString","coordinates":[[[138.501529,36.000324],[138.50153,36.000324]]]}},{"type":"Feature","properties":{"name":"奈良井川"},"geometry":{"type":"MultiLineString","coordinates":[[[138.501529,36.000324],[138.501529,36.000324]]]}},{"type":"Feature","properties":{"name":"横川川"},"geometry":{"type":"MultiLineString","coordinates":[[[138.501529,36.000324],[138.501529,36.000324]]]}},{"type":"Feature","properties":{"name":"天竜川"},"geometry":{"type":"MultiLineString","coordinates":[[[138.501531,36.000324],[138.501531,36.000324]]]}},{"type":"Feature","properties":{"name":"宮川"},"geometry":{"type":"MultiLineString","coordinates":[[[138.501533,36.000324],[138.501533,36.000324]]]}},{"type":"Feature","properties":{"name":"宮川"},"geometry":{"type":"MultiLineString","coordinates":[[[138.501533,36.000324],[138.501533,36.000324]]]}},{"type":"Feature","properties":{"name":"天竜川"},"geometry":{"type":"MultiLineString","coordinates":[[[138.501531,36.000324],[138.501531,36.000324]]]}},{"type":"Feature","properties":{"name":"天竜川"},"geometry":{"type":"MultiLineString","coordinates":[[[138.501531,36.000324],[138.501531,36.000324]]]}},{"type":"Feature","properties":{"name":"横川川"},"geometry":{"type":"MultiLineString","coordinates":[[[138.501529,36.000324],[138.501529,36.000324]]]}},{"type":"Feature","properties":{"name":"天竜川"},"geometry":{"type":"MultiLineString","coordinates":[[[138.501531,36.000324],[138.501531,36.000324]]]}},{"type":"Feature","properties":{"name":"横川川"},"geometry":{"type":"MultiLineString","coordinates":[[[138.501529,36.000324],[138.501529,36.000324]]]}},{"type":"Feature","properties":{"name":"横川川"},"geometry":{"type":"MultiLineString","coordinates":[[[138.501529,36.000324],[138.501529,36.000324]]]}},{"type":"Feature","properties":{"name":"天竜川"},"geometry":{"type":"MultiLineString","coordinates":[[[138.501531,36.000324],[138.501531,36.000324]]]}},{"type":"Feature","properties":{"name":"宮川"},"geometry":{"type":"MultiLineString","coordinates":[[[138.501533,36.000324],[138.501533,36.000324]]]}},{"type":"Feature","properties":{"name":"宮川"},"geometry":{"type":"MultiLineString","coordinates":[[[138.501533,36.000324],[138.501533,36.000324]]]}},{"type":"Feature","properties":{"name":"奈良井川"},"geometry":{"type":"MultiLineString","coordinates":[[[138.501529,36.000324],[138.501529,36.000324]]]}},{"type":"Feature","properties":{"name":"横川川"},"geometry":{"type":"MultiLineString","coordinates":[[[138.501529,36.000324],[138.501529,36.000324]]]}},{"type":"Feature","properties":{"name":"宮川"},"geometry":{"type":"MultiLineString","coordinates":[[[138.501533,36.000324],[138.501533,36.000324]]]}},{"type":"Feature","properties":{"name":"天竜川"},"geometry":{"type":"MultiLineString","coordinates":[[[138.501531,36.000324],[138.501531,36.000324]]]}},{"type":"Feature","properties":{"name":"横川川"},"geometry":{"type":"MultiLineString","coordinates":[[[138.501529,36.000324],[138.501529,36.000324]]]}},{"type":"Feature","properties":{"name":"宮川"},"geometry":{"type":"MultiLineString","coordinates":[[[138.501533,36.000324],[138.501533,36.000324]]]}},{"type":"Feature","properties":{"name":"梓川"},"geometry":{"type":"MultiLineString","coordinates":[[[138.501538,36.000324],[138.501538,36.000324]]]}},{"type":"Feature","properties":{"name":"横川川"},"geometry":{"type":"MultiLineString","coordinates":[[[138.501529,36.000324],[138.501529,36.000324]]]}},{"type":"Feature","properties":{"name":"沢川"},"geometry":{"type":"MultiLineString","coordinates":[[[138.501531,36.000324],[138.501531,36.000324]]]}},{"type":"Feature","properties":{"name":"梓川"},"geometry":{"type":"MultiLineString","coordinates":[[[138.501538,36.000324],[138.501538,36.000324]]]}},{"type":"Feature","properties":{"name":"梓川"},"geometry":{"type":"MultiLineString","coordinates":[[[138.501538,36.000324],[138.501538,36.000324]]]}},{"type":"Feature","properties":{"name":"梓川"},"geometry":{"type":"MultiLineString","coordinates":[[[138.501538,36.000324],[138.501538,36.000324]]]}},{"type":"Feature","properties":{"name":"梓川"},"geometry":{"type":"MultiLineString","coordinates":[[[138.501538,36.000324],[138.501538,36.000324]]]}},{"type":"Feature","properties":{"name":"宮川"},"geometry":{"type":"MultiLineString","coordinates":[[[138.501533,36.000324],[138.501533,36.000324]]]}},{"type":"Feature","properties":{"name":"天竜川"},"geometry":{"type":"MultiLineString","coordinates":[[[138.501531,36.000324],[138.501531,36.000324]]]}},{"type":"Feature","properties":{"name":"一の沢川"},"geometry":{"type":"MultiLineString","coordinates":[[[138.501532,36.000324],[138.501531,36.000324]]]}},{"type":"Feature","properties":{"name":"奈良井川"},"geometry":{"type":"MultiLineString","coordinates":[[[138.501529,36.000324],[138.501529,36.000324]]]}},{"type":"Feature","properties":{"name":"一の沢川"},"geometry":{"type":"MultiLineString","coordinates":[[[138.501531,36.000324],[138.501531,36.000324]]]}},{"type":"Feature","properties":{"name":"沢川"},"geometry":{"type":"MultiLineString","coordinates":[[[138.501531,36.000324],[138.501531,36.000324]]]}},{"type":"Feature","properties":{"name":"一の沢川"},"geometry":{"type":"MultiLineString","coordinates":[[[138.501531,36.000324],[138.501531,36.000324]]]}},{"type":"Feature","properties":{"name":"宮川"},"geometry":{"type":"MultiLineString","coordinates":[[[138.501533,36.000324],[138.501533,36.000324]]]}},{"type":"Feature","properties":{"name":"宮川"},"geometry":{"type":"MultiLineString","coordinates":[[[138.501533,36.000324],[138.501533,36.000324]]]}},{"type":"Feature","properties":{"name":"梓川"},"geometry":{"type":"MultiLineString","coordinates":[[[138.501538,36.000324],[138.501538,36.000324]]]}},{"type":"Feature","properties":{"name":"天竜川"},"geometry":{"type":"MultiLineString","coordinates":[[[138.501531,36.000324],[138.501531,36.000324]]]}},{"type":"Feature","properties":{"name":"横川川"},"geometry":{"type":"MultiLineString","coordinates":[[[138.501529,36.000324],[138.501529,36.000324]]]}},{"type":"Feature","properties":{"name":"奈良井川"},"geometry":{"type":"MultiLineString","coordinates":[[[138.501529,36.000324],[138.501529,36.000324]]]}},{"type":"Feature","properties":{"name":"宮川"},"geometry":{"type":"MultiLineString","coordinates":[[[138.501533,36.000324],[138.501533,36.000324]]]}},{"type":"Feature","properties":{"name":"梓川"},"geometry":{"type":"MultiLineString","coordinates":[[[138.501538,36.000324],[138.501538,36.000324]]]}},{"type":"Feature","properties":{"name":"梓川"},"geometry":{"type":"MultiLineString","coordinates":[[[138.501538,36.000324],[138.501538,36.000324]]]}},{"type":"Feature","properties":{"name":"沢川"},"geometry":{"type":"MultiLineString","coordinates":[[[138.501531,36.000324],[138.501531,36.000324]]]}},{"type":"Feature","properties":{"name":"沢川"},"geometry":{"type":"MultiLineString","coordinates":[[[138.501531,36.000324],[138.501531,36.000324]]]}},{"type":"Feature","properties":{"name":"沢川"},"geometry":{"type":"MultiLineString","coordinates":[[[138.501531,36.000324],[138.501531,36.000324]]]}},{"type":"Feature","properties":{"name":"天竜川"},"geometry":{"type":"MultiLineString","coordinates":[[[138.501531,36.000324],[138.501531,36.000324]]]}},{"type":"Feature","properties":{"name":"沢川"},"geometry":{"type":"MultiLineString","coordinates":[[[138.501531,36.000324],[138.501531,36.000324]]]}},{"type":"Feature","properties":{"name":"沢川"},"geometry":{"type":"MultiLineString","coordinates":[[[138.501531,36.000324],[138.501531,36.000324]]]}},{"type":"Feature","properties":{"name":"宮川"},"geometry":{"type":"MultiLineString","coordinates":[[[138.501533,36.000324],[138.501533,36.000324]]]}},{"type":"Feature","properties":{"name":"梓川"},"geometry":{"type":"MultiLineString","coordinates":[[[138.501538,36.000324],[138.501538,36.000324]]]}},{"type":"Feature","properties":{"name":"奈良井川"},"geometry":{"type":"MultiLineString","coordinates":[[[138.501529,36.000324],[138.501529,36.000324]]]}},{"type":"Feature","properties":{"name":"宮川"},"geometry":{"type":"MultiLineString","coordinates":[[[138.501533,36.000324],[138.501533,36.000324]]]}},{"type":"Feature","properties":{"name":"宮川"},"geometry":{"type":"MultiLineString","coordinates":[[[138.501533,36.000324],[138.501533,36.000324]]]}},{"type":"Feature","properties":{"name":"天竜川"},"geometry":{"type":"MultiLineString","coordinates":[[[138.501531,36.000324],[138.501531,36.000324]]]}},{"type":"Feature","properties":{"name":"梓川"},"geometry":{"type":"MultiLineString","coordinates":[[[138.501538,36.000324],[138.501538,36.000324]]]}},{"type":"Feature","properties":{"name":"宮川"},"geometry":{"type":"MultiLineString","coordinates":[[[138.501533,36.000324],[138.501533,36.000324]]]}},{"type":"Feature","properties":{"name":"宮川"},"geometry":{"type":"MultiLineString","coordinates":[[[138.501533,36.000324],[138.501533,36.000324]]]}},{"type":"Feature","properties":{"name":"天竜川"},"geometry":{"type":"MultiLineString","coordinates":[[[138.501531,36.000324],[138.501531,36.000324]]]}},{"type":"Feature","properties":{"name":"梓川"},"geometry":{"type":"MultiLineString","coordinates":[[[138.501538,36.000324],[138.501538,36.000324]]]}},{"type":"Feature","properties":{"name":"奈良井川"},"geometry":{"type":"MultiLineString","coordinates":[[[138.501529,36.000324],[138.501529,36.000324]]]}},{"type":"Feature","properties":{"name":"奈良井川"},"geometry":{"type":"MultiLineString","coordinates":[[[138.501529,36.000324],[138.501529,36.000324]]]}},{"type":"Feature","properties":{"name":"天竜川"},"geometry":{"type":"MultiLineString","coordinates":[[[138.501531,36.000324],[138.501531,36.000324]]]}},{"type":"Feature","properties":{"name":"天竜川"},"geometry":{"type":"MultiLineString","coordinates":[[[138.501531,36.000324],[138.501531,36.000324]]]}},{"type":"Feature","properties":{"name":"梓川"},"geometry":{"type":"MultiLineString","coordinates":[[[138.501538,36.000324],[138.501538,36.000324]]]}},{"type":"Feature","properties":{"name":"天竜川"},"geometry":{"type":"MultiLineString","coordinates":[[[138.501531,36.000324],[138.501531,36.000324]]]}},{"type":"Feature","properties":{"name":"湯川"},"geometry":{"type":"MultiLineString","coordinates":[[[138.501526,36.000324],[138.501526,36.000324]]]}},{"type":"Feature","properties":{"name":"湯川"},"geometry":{"type":"MultiLineString","coordinates":[[[138.501525,36.000324],[138.501526,36.000324]]]}},{"type":"Feature","properties":{"name":"天竜川"},"geometry":{"type":"MultiLineString","coordinates":[[[138.501531,36.000324],[138.501531,36.000324]]]}},{"type":"Feature","properties":{"name":"天竜川"},"geometry":{"type":"MultiLineString","coordinates":[[[138.501531,36.000324],[138.501531,36.000324]]]}},{"type":"Feature","properties":{"name":"奈良井川"},"geometry":{"type":"MultiLineString","coordinates":[[[138.501529,36.000323],[138.501529,36.000324]]]}},{"type":"Feature","properties":{"name":"天竜川"},"geometry":{"type":"MultiLineString","coordinates":[[[138.501531,36.000324],[138.501531,36.000323]]]}},{"type":"Feature","properties":{"name":"梓川"},"geometry":{"type":"MultiLineString","coordinates":[[[138.501538,36.000323],[138.501538,36.000324]]]}},{"type":"Feature","properties":{"name":"奈良井川"},"geometry":{"type":"MultiLineString","coordinates":[[[138.501529,36.000323],[138.501529,36.000323]]]}},{"type":"Feature","properties":{"name":"天竜川"},"geometry":{"type":"MultiLineString","coordinates":[[[138.501531,36.000323],[138.501531,36.000323]]]}},{"type":"Feature","properties":{"name":"奈良井川"},"geometry":{"type":"MultiLineString","coordinates":[[[138.501529,36.000323],[138.501529,36.000323]]]}},{"type":"Feature","properties":{"name":"天竜川"},"geometry":{"type":"MultiLineString","coordinates":[[[138.501531,36.000323],[138.501531,36.000323]]]}},{"type":"Feature","properties":{"name":"天竜川"},"geometry":{"type":"MultiLineString","coordinates":[[[138.501531,36.000323],[138.501531,36.000323]]]}},{"type":"Feature","properties":{"name":"奈良井川"},"geometry":{"type":"MultiLineString","coordinates":[[[138.501529,36.000323],[138.501529,36.000323]]]}},{"type":"Feature","properties":{"name":"天竜川"},"geometry":{"type":"MultiLineString","coordinates":[[[138.501531,36.000323],[138.501531,36.000323]]]}},{"type":"Feature","properties":{"name":"奈良井川"},"geometry":{"type":"MultiLineString","coordinates":[[[138.501529,36.000323],[138.501529,36.000323]]]}},{"type":"Feature","properties":{"name":"奈良井川"},"geometry":{"type":"MultiLineString","coordinates":[[[138.501529,36.000323],[138.501529,36.000323]]]}},{"type":"Feature","properties":{"name":"奈良井川"},"geometry":{"type":"MultiLineString","coordinates":[[[138.501529,36.000323],[138.501529,36.000323]]]}},{"type":"Feature","properties":{"name":"天竜川"},"geometry":{"type":"MultiLineString","coordinates":[[[138.501531,36.000323],[138.50153,36.000323]]]}},{"type":"Feature","properties":{"name":"小沢川"},"geometry":{"type":"MultiLineString","coordinates":[[[138.50153,36.000323],[138.50153,36.000323]]]}},{"type":"Feature","properties":{"name":"奈良井川"},"geometry":{"type":"MultiLineString","coordinates":[[[138.501529,36.000323],[138.501529,36.000323]]]}},{"type":"Feature","properties":{"name":"天竜川"},"geometry":{"type":"MultiLineString","coordinates":[[[138.50153,36.000323],[138.50153,36.000323]]]}},{"type":"Feature","properties":{"name":"小沢川"},"geometry":{"type":"MultiLineString","coordinates":[[[138.50153,36.000323],[138.50153,36.000323]]]}},{"type":"Feature","properties":{"name":"天竜川"},"geometry":{"type":"MultiLineString","coordinates":[[[138.50153,36.000323],[138.50153,36.000323]]]}},{"type":"Feature","properties":{"name":"小沢川"},"geometry":{"type":"MultiLineString","coordinates":[[[138.50153,36.000323],[138.50153,36.000323]]]}},{"type":"Feature","properties":{"name":"天竜川"},"geometry":{"type":"MultiLineString","coordinates":[[[138.50153,36.000323],[138.50153,36.000323]]]}},{"type":"Feature","properties":{"name":"三峰川"},"geometry":{"type":"MultiLineString","coordinates":[[[138.501531,36.000323],[138.501531,36.000323]]]}},{"type":"Feature","properties":{"name":"三峰川"},"geometry":{"type":"MultiLineString","coordinates":[[[138.501531,36.000323],[138.501531,36.000323]]]}},{"type":"Feature","properties":{"name":"天竜川"},"geometry":{"type":"MultiLineString","coordinates":[[[138.50153,36.000323],[138.50153,36.000323]]]}},{"type":"Feature","properties":{"name":"三峰川"},"geometry":{"type":"MultiLineString","coordinates":[[[138.501531,36.000323],[138.501531,36.000323]]]}},{"type":"Feature","properties":{"name":"奈良井川"},"geometry":{"type":"MultiLineString","coordinates":[[[138.501529,36.000323],[138.501529,36.000323]]]}},{"type":"Feature","properties":{"name":"天竜川"},"geometry":{"type":"MultiLineString","coordinates":[[[138.50153,36.000323],[138.50153,36.000323]]]}},{"type":"Feature","properties":{"name":"三峰川"},"geometry":{"type":"MultiLineString","coordinates":[[[138.501531,36.000323],[138.501531,36.000323]]]}},{"type":"Feature","properties":{"name":"三峰川"},"geometry":{"type":"MultiLineString","coordinates":[[[138.501531,36.000323],[138.501531,36.000323]]]}},{"type":"Feature","properties":{"name":"三峰川"},"geometry":{"type":"MultiLineString","coordinates":[[[138.501531,36.000323],[138.501531,36.000323]]]}},{"type":"Feature","properties":{"name":"三峰川"},"geometry":{"type":"MultiLineString","coordinates":[[[138.501531,36.000323],[138.501531,36.000323]]]}},{"type":"Feature","properties":{"name":"三峰川"},"geometry":{"type":"MultiLineString","coordinates":[[[138.501531,36.000323],[138.501531,36.000323]]]}},{"type":"Feature","properties":{"name":"三峰川"},"geometry":{"type":"MultiLineString","coordinates":[[[138.501531,36.000323],[138.501531,36.000323]]]}},{"type":"Feature","properties":{"name":"三峰川"},"geometry":{"type":"MultiLineString","coordinates":[[[138.501531,36.000323],[138.501531,36.000323]]]}},{"type":"Feature","properties":{"name":"三峰川"},"geometry":{"type":"MultiLineString","coordinates":[[[138.501531,36.000323],[138.501531,36.000323]]]}},{"type":"Feature","properties":{"name":"三峰川"},"geometry":{"type":"MultiLineString","coordinates":[[[138.501531,36.000323],[138.501531,36.000323]]]}},{"type":"Feature","properties":{"name":"三峰川"},"geometry":{"type":"MultiLineString","coordinates":[[[138.501531,36.000323],[138.501531,36.000323]]]}},{"type":"Feature","properties":{"name":"三峰川"},"geometry":{"type":"MultiLineString","coordinates":[[[138.501531,36.000323],[138.501531,36.000323]]]}},{"type":"Feature","properties":{"name":"三峰川"},"geometry":{"type":"MultiLineString","coordinates":[[[138.501531,36.000323],[138.501531,36.000323]]]}},{"type":"Feature","properties":{"name":"三峰川"},"geometry":{"type":"MultiLineString","coordinates":[[[138.501531,36.000323],[138.501531,36.000323]]]}},{"type":"Feature","properties":{"name":"三峰川"},"geometry":{"type":"MultiLineString","coordinates":[[[138.501531,36.000323],[138.501531,36.000323]]]}},{"type":"Feature","properties":{"name":"三峰川"},"geometry":{"type":"MultiLineString","coordinates":[[[138.501531,36.000323],[138.501531,36.000323]]]}},{"type":"Feature","properties":{"name":"三峰川"},"geometry":{"type":"MultiLineString","coordinates":[[[138.501531,36.000323],[138.501531,36.000323]]]}},{"type":"Feature","properties":{"name":"三峰川"},"geometry":{"type":"MultiLineString","coordinates":[[[138.501531,36.000323],[138.501531,36.000323]]]}},{"type":"Feature","properties":{"name":"三峰川"},"geometry":{"type":"MultiLineString","coordinates":[[[138.501531,36.000323],[138.501531,36.000323]]]}},{"type":"Feature","properties":{"name":"三峰川"},"geometry":{"type":"MultiLineString","coordinates":[[[138.501531,36.000323],[138.501531,36.000323]]]}},{"type":"Feature","properties":{"name":"三峰川"},"geometry":{"type":"MultiLineString","coordinates":[[[138.501531,36.000323],[138.501531,36.000323]]]}},{"type":"Feature","properties":{"name":"三峰川"},"geometry":{"type":"MultiLineString","coordinates":[[[138.501531,36.000323],[138.501531,36.000323]]]}},{"type":"Feature","properties":{"name":"三峰川"},"geometry":{"type":"MultiLineString","coordinates":[[[138.501531,36.000323],[138.501531,36.000323]]]}},{"type":"Feature","properties":{"name":"三峰川"},"geometry":{"type":"MultiLineString","coordinates":[[[138.501531,36.000323],[138.50153,36.000323]]]}},{"type":"Feature","properties":{"name":"三峰川"},"geometry":{"type":"MultiLineString","coordinates":[[[138.50153,36.000323],[138.50153,36.000323]]]}},{"type":"Feature","properties":{"name":"三峰川"},"geometry":{"type":"MultiLineString","coordinates":[[[138.50153,36.000323],[138.50153,36.000323]]]}},{"type":"Feature","properties":{"name":"三峰川"},"geometry":{"type":"MultiLineString","coordinates":[[[138.50153,36.000323],[138.50153,36.000323]]]}},{"type":"Feature","properties":{"name":"三峰川"},"geometry":{"type":"MultiLineString","coordinates":[[[138.50153,36.000323],[138.50153,36.000323]]]}},{"type":"Feature","properties":{"name":"三峰川"},"geometry":{"type":"MultiLineString","coordinates":[[[138.501531,36.000323],[138.50153,36.000323]]]}},{"type":"Feature","properties":{"name":"三峰川"},"geometry":{"type":"MultiLineString","coordinates":[[[138.50153,36.000323],[138.50153,36.000323]]]}},{"type":"Feature","properties":{"name":"三峰川"},"geometry":{"type":"MultiLineString","coordinates":[[[138.50153,36.000323],[138.50153,36.000323]]]}},{"type":"Feature","properties":{"name":"三峰川"},"geometry":{"type":"MultiLineString","coordinates":[[[138.50153,36.000323],[138.50153,36.000323]]]}},{"type":"Feature","properties":{"name":"三峰川"},"geometry":{"type":"MultiLineString","coordinates":[[[138.50153,36.000323],[138.50153,36.000323]]]}},{"type":"Feature","properties":{"name":"天竜川"},"geometry":{"type":"MultiLineString","coordinates":[[[138.50153,36.000323],[138.50153,36.000323]]]}},{"type":"Feature","properties":{"name":"三峰川"},"geometry":{"type":"MultiLineString","coordinates":[[[138.50153,36.000323],[138.50153,36.000323]]]}},{"type":"Feature","properties":{"name":"奈良井川"},"geometry":{"type":"MultiLineString","coordinates":[[[138.501529,36.000323],[138.501529,36.000323]]]}},{"type":"Feature","properties":{"name":"三峰川"},"geometry":{"type":"MultiLineString","coordinates":[[[138.50153,36.000323],[138.50153,36.000323]]]}},{"type":"Feature","properties":{"name":"三峰川"},"geometry":{"type":"MultiLineString","coordinates":[[[138.50153,36.000323],[138.50153,36.000323]]]}},{"type":"Feature","properties":{"name":"三峰川"},"geometry":{"type":"MultiLineString","coordinates":[[[138.50153,36.000323],[138.50153,36.000323]]]}},{"type":"Feature","properties":{"name":"三峰川"},"geometry":{"type":"MultiLineString","coordinates":[[[138.50153,36.000323],[138.50153,36.000323]]]}},{"type":"Feature","properties":{"name":"三峰川"},"geometry":{"type":"MultiLineString","coordinates":[[[138.50153,36.000323],[138.50153,36.000323]]]}},{"type":"Feature","properties":{"name":"三峰川"},"geometry":{"type":"MultiLineString","coordinates":[[[138.50153,36.000323],[138.50153,36.000323]]]}},{"type":"Feature","properties":{"name":"天竜川"},"geometry":{"type":"MultiLineString","coordinates":[[[138.50153,36.000322],[138.50153,36.000322]]]}},{"type":"Feature","properties":{"name":"天竜川"},"geometry":{"type":"MultiLineString","coordinates":[[[138.50153,36.000322],[138.50153,36.000322]]]}},{"type":"Feature","properties":{"name":"天竜川"},"geometry":{"type":"MultiLineString","coordinates":[[[138.50153,36.000321],[138.50153,36.000321]]]}},{"type":"Feature","properties":{"name":"天竜川"},"geometry":{"type":"MultiLineString","coordinates":[[[138.501529,36.00032],[138.501529,36.00032]]]}},{"type":"Feature","properties":{"name":"横川川"},"geometry":{"type":"MultiLineString","coordinates":[[[138.501527,36.00032],[138.501527,36.00032]]]}},{"type":"Feature","properties":{"name":"横川川"},"geometry":{"type":"MultiLineString","coordinates":[[[138.501527,36.00032],[138.501527,36.00032]]]}},{"type":"Feature","properties":{"name":"天竜川"},"geometry":{"type":"MultiLineString","coordinates":[[[138.50153,36.000323],[138.50153,36.000323]]]}},{"type":"Feature","properties":{"name":"三峰川"},"geometry":{"type":"MultiLineString","coordinates":[[[138.501531,36.000323],[138.501531,36.000323]]]}},{"type":"Feature","properties":{"name":"三峰川"},"geometry":{"type":"MultiLineString","coordinates":[[[138.501532,36.000323],[138.501531,36.000323]]]}},{"type":"Feature","properties":{"name":"三峰川"},"geometry":{"type":"MultiLineString","coordinates":[[[138.501532,36.000323],[138.501532,36.000323]]]}},{"type":"Feature","properties":{"name":"三峰川"},"geometry":{"type":"MultiLineString","coordinates":[[[138.501532,36.000323],[138.501532,36.000323]]]}},{"type":"Feature","properties":{"name":"天竜川"},"geometry":{"type":"MultiLineString","coordinates":[[[138.50153,36.000323],[138.50153,36.000323]]]}},{"type":"Feature","properties":{"name":"天竜川"},"geometry":{"type":"MultiLineString","coordinates":[[[138.50153,36.000323],[138.50153,36.000323]]]}},{"type":"Feature","properties":{"name":"天竜川"},"geometry":{"type":"MultiLineString","coordinates":[[[138.50153,36.000323],[138.50153,36.000323]]]}},{"type":"Feature","properties":{"name":"天竜川"},"geometry":{"type":"MultiLineString","coordinates":[[[138.50153,36.000323],[138.50153,36.000323]]]}},{"type":"Feature","properties":{"name":"天竜川"},"geometry":{"type":"MultiLineString","coordinates":[[[138.50153,36.000323],[138.50153,36.000323]]]}},{"type":"Feature","properties":{"name":"天竜川"},"geometry":{"type":"MultiLineString","coordinates":[[[138.50153,36.000323],[138.50153,36.000323]]]}},{"type":"Feature","properties":{"name":"天竜川"},"geometry":{"type":"MultiLineString","coordinates":[[[138.50153,36.000323],[138.50153,36.000323]]]}},{"type":"Feature","properties":{"name":"三峰川"},"geometry":{"type":"MultiLineString","coordinates":[[[138.501532,36.000323],[138.501532,36.000323]]]}},{"type":"Feature","properties":{"name":"天竜川"},"geometry":{"type":"MultiLineString","coordinates":[[[138.50153,36.000323],[138.50153,36.000323]]]}},{"type":"Feature","properties":{"name":"天竜川"},"geometry":{"type":"MultiLineString","coordinates":[[[138.50153,36.000323],[138.50153,36.000323]]]}},{"type":"Feature","properties":{"name":"天竜川"},"geometry":{"type":"MultiLineString","coordinates":[[[138.50153,36.000323],[138.50153,36.000323]]]}},{"type":"Feature","properties":{"name":"天竜川"},"geometry":{"type":"MultiLineString","coordinates":[[[138.50153,36.000323],[138.50153,36.000323]]]}},{"type":"Feature","properties":{"name":"天竜川"},"geometry":{"type":"MultiLineString","coordinates":[[[138.50153,36.000323],[138.50153,36.000323]]]}},{"type":"Feature","properties":{"name":"三峰川"},"geometry":{"type":"MultiLineString","coordinates":[[[138.501532,36.000323],[138.501532,36.000323]]]}},{"type":"Feature","properties":{"name":"三峰川"},"geometry":{"type":"MultiLineString","coordinates":[[[138.501532,36.000323],[138.501532,36.000323]]]}},{"type":"Feature","properties":{"name":"天竜川"},"geometry":{"type":"MultiLineString","coordinates":[[[138.50153,36.000323],[138.50153,36.000323]]]}},{"type":"Feature","properties":{"name":"三峰川"},"geometry":{"type":"MultiLineString","coordinates":[[[138.501532,36.000323],[138.501532,36.000323]]]}},{"type":"Feature","properties":{"name":"天竜川"},"geometry":{"type":"MultiLineString","coordinates":[[[138.50153,36.000323],[138.50153,36.000323]]]}},{"type":"Feature","properties":{"name":"天竜川"},"geometry":{"type":"MultiLineString","coordinates":[[[138.50153,36.000322],[138.50153,36.000322]]]}},{"type":"Feature","properties":{"name":"三峰川"},"geometry":{"type":"MultiLineString","coordinates":[[[138.501532,36.000322],[138.501532,36.000322]]]}},{"type":"Feature","properties":{"name":"天竜川"},"geometry":{"type":"MultiLineString","coordinates":[[[138.50153,36.000322],[138.50153,36.000322]]]}},{"type":"Feature","properties":{"name":"天竜川"},"geometry":{"type":"MultiLineString","coordinates":[[[138.50153,36.000323],[138.50153,36.000322]]]}},{"type":"Feature","properties":{"name":"天竜川"},"geometry":{"type":"MultiLineString","coordinates":[[[138.50153,36.000322],[138.50153,36.000322]]]}},{"type":"Feature","properties":{"name":"天竜川"},"geometry":{"type":"MultiLineString","coordinates":[[[138.50153,36.000322],[138.50153,36.000322]]]}},{"type":"Feature","properties":{"name":"天竜川"},"geometry":{"type":"MultiLineString","coordinates":[[[138.50153,36.000322],[138.50153,36.000322]]]}},{"type":"Feature","properties":{"name":"天竜川"},"geometry":{"type":"MultiLineString","coordinates":[[[138.50153,36.000322],[138.50153,36.000322]]]}},{"type":"Feature","properties":{"name":"三峰川"},"geometry":{"type":"MultiLineString","coordinates":[[[138.501532,36.000322],[138.501532,36.000323]]]}},{"type":"Feature","properties":{"name":"三峰川"},"geometry":{"type":"MultiLineString","coordinates":[[[138.501532,36.000322],[138.501532,36.000322]]]}},{"type":"Feature","properties":{"name":"三峰川"},"geometry":{"type":"MultiLineString","coordinates":[[[138.501532,36.000322],[138.501532,36.000322]]]}},{"type":"Feature","properties":{"name":"天竜川"},"geometry":{"type":"MultiLineString","coordinates":[[[138.50153,36.000322],[138.50153,36.000322]]]}},{"type":"Feature","properties":{"name":"三峰川"},"geometry":{"type":"MultiLineString","coordinates":[[[138.501532,36.000322],[138.501532,36.000322]]]}},{"type":"Feature","properties":{"name":"三峰川"},"geometry":{"type":"MultiLineString","coordinates":[[[138.501532,36.000322],[138.501532,36.000322]]]}},{"type":"Feature","properties":{"name":"天竜川"},"geometry":{"type":"MultiLineString","coordinates":[[[138.50153,36.000322],[138.50153,36.000322]]]}},{"type":"Feature","properties":{"name":"三峰川"},"geometry":{"type":"MultiLineString","coordinates":[[[138.501532,36.000322],[138.501532,36.000322]]]}},{"type":"Feature","properties":{"name":"天竜川"},"geometry":{"type":"MultiLineString","coordinates":[[[138.50153,36.000322],[138.50153,36.000322]]]}},{"type":"Feature","properties":{"name":"三峰川"},"geometry":{"type":"MultiLineString","coordinates":[[[138.501532,36.000322],[138.501532,36.000322]]]}},{"type":"Feature","properties":{"name":"三峰川"},"geometry":{"type":"MultiLineString","coordinates":[[[138.501532,36.000322],[138.501532,36.000322]]]}},{"type":"Feature","properties":{"name":"三峰川"},"geometry":{"type":"MultiLineString","coordinates":[[[138.501532,36.000322],[138.501532,36.000322]]]}},{"type":"Feature","properties":{"name":"天竜川"},"geometry":{"type":"MultiLineString","coordinates":[[[138.50153,36.000322],[138.50153,36.000322]]]}},{"type":"Feature","properties":{"name":"三峰川"},"geometry":{"type":"MultiLineString","coordinates":[[[138.501532,36.000322],[138.501532,36.000322]]]}},{"type":"Feature","properties":{"name":"天竜川"},"geometry":{"type":"MultiLineString","coordinates":[[[138.50153,36.000322],[138.50153,36.000322]]]}},{"type":"Feature","properties":{"name":"天竜川"},"geometry":{"type":"MultiLineString","coordinates":[[[138.50153,36.000322],[138.50153,36.000322]]]}},{"type":"Feature","properties":{"name":"三峰川"},"geometry":{"type":"MultiLineString","coordinates":[[[138.501533,36.000322],[138.501533,36.000322]]]}},{"type":"Feature","properties":{"name":"天竜川"},"geometry":{"type":"MultiLineString","coordinates":[[[138.50153,36.000322],[138.50153,36.000322]]]}},{"type":"Feature","properties":{"name":"天竜川"},"geometry":{"type":"MultiLineString","coordinates":[[[138.50153,36.000322],[138.50153,36.000322]]]}},{"type":"Feature","properties":{"name":"天竜川"},"geometry":{"type":"MultiLineString","coordinates":[[[138.50153,36.000322],[138.50153,36.000322]]]}},{"type":"Feature","properties":{"name":"天竜川"},"geometry":{"type":"MultiLineString","coordinates":[[[138.50153,36.000322],[138.50153,36.000322]]]}},{"type":"Feature","properties":{"name":"天竜川"},"geometry":{"type":"MultiLineString","coordinates":[[[138.50153,36.000322],[138.50153,36.000322]]]}},{"type":"Feature","properties":{"name":"天竜川"},"geometry":{"type":"MultiLineString","coordinates":[[[138.50153,36.000322],[138.50153,36.000322]]]}},{"type":"Feature","properties":{"name":"三峰川"},"geometry":{"type":"MultiLineString","coordinates":[[[138.501533,36.000322],[138.501533,36.000322]]]}},{"type":"Feature","properties":{"name":"三峰川"},"geometry":{"type":"MultiLineString","coordinates":[[[138.501532,36.000322],[138.501532,36.000322]]]}},{"type":"Feature","properties":{"name":"三峰川"},"geometry":{"type":"MultiLineString","coordinates":[[[138.501532,36.000322],[138.501532,36.000322]]]}},{"type":"Feature","properties":{"name":"三峰川"},"geometry":{"type":"MultiLineString","coordinates":[[[138.501532,36.000322],[138.501532,36.000322]]]}},{"type":"Feature","properties":{"name":"三峰川"},"geometry":{"type":"MultiLineString","coordinates":[[[138.501532,36.000322],[138.501532,36.000322]]]}},{"type":"Feature","properties":{"name":"三峰川"},"geometry":{"type":"MultiLineString","coordinates":[[[138.501533,36.000322],[138.501533,36.000322]]]}},{"type":"Feature","properties":{"name":"木曽川"},"geometry":{"type":"MultiLineString","coordinates":[[[138.501527,36.000322],[138.501527,36.000322]]]}},{"type":"Feature","properties":{"name":"天竜川"},"geometry":{"type":"MultiLineString","coordinates":[[[138.50153,36.000322],[138.50153,36.000322]]]}},{"type":"Feature","properties":{"name":"三峰川"},"geometry":{"type":"MultiLineString","coordinates":[[[138.501532,36.000322],[138.501532,36.000322]]]}},{"type":"Feature","properties":{"name":"三峰川"},"geometry":{"type":"MultiLineString","coordinates":[[[138.501533,36.000322],[138.501533,36.000322]]]}},{"type":"Feature","properties":{"name":"天竜川"},"geometry":{"type":"MultiLineString","coordinates":[[[138.50153,36.000322],[138.50153,36.000322]]]}},{"type":"Feature","properties":{"name":"天竜川"},"geometry":{"type":"MultiLineString","coordinates":[[[138.50153,36.000322],[138.50153,36.000322]]]}},{"type":"Feature","properties":{"name":"天竜川"},"geometry":{"type":"MultiLineString","coordinates":[[[138.50153,36.000322],[138.50153,36.000322]]]}},{"type":"Feature","properties":{"name":"三峰川"},"geometry":{"type":"MultiLineString","coordinates":[[[138.501532,36.000322],[138.501532,36.000322]]]}},{"type":"Feature","properties":{"name":"三峰川"},"geometry":{"type":"MultiLineString","coordinates":[[[138.501533,36.000322],[138.501533,36.000322]]]}},{"type":"Feature","properties":{"name":"三峰川"},"geometry":{"type":"MultiLineString","coordinates":[[[138.501532,36.000322],[138.501532,36.000322]]]}},{"type":"Feature","properties":{"name":"三峰川"},"geometry":{"type":"MultiLineString","coordinates":[[[138.501532,36.000321],[138.501532,36.000322]]]}},{"type":"Feature","properties":{"name":"天竜川"},"geometry":{"type":"MultiLineString","coordinates":[[[138.50153,36.000322],[138.50153,36.000321]]]}},{"type":"Feature","properties":{"name":"三峰川"},"geometry":{"type":"MultiLineString","coordinates":[[[138.501533,36.000322],[138.501533,36.000321]]]}},{"type":"Feature","properties":{"name":"三峰川"},"geometry":{"type":"MultiLineString","coordinates":[[[138.501533,36.000321],[138.501533,36.000321]]]}},{"type":"Feature","properties":{"name":"三峰川"},"geometry":{"type":"MultiLineString","coordinates":[[[138.501533,36.000321],[138.501533,36.000321]]]}},{"type":"Feature","properties":{"name":"三峰川"},"geometry":{"type":"MultiLineString","coordinates":[[[138.501533,36.000321],[138.501533,36.000321]]]}},{"type":"Feature","properties":{"name":"三峰川"},"geometry":{"type":"MultiLineString","coordinates":[[[138.501533,36.000321],[138.501533,36.000321]]]}},{"type":"Feature","properties":{"name":"三峰川"},"geometry":{"type":"MultiLineString","coordinates":[[[138.501533,36.000321],[138.501533,36.000321]]]}},{"type":"Feature","properties":{"name":"三峰川"},"geometry":{"type":"MultiLineString","coordinates":[[[138.501532,36.000321],[138.501532,36.000321]]]}},{"type":"Feature","properties":{"name":"天竜川"},"geometry":{"type":"MultiLineString","coordinates":[[[138.50153,36.000321],[138.50153,36.000321]]]}},{"type":"Feature","properties":{"name":"天竜川"},"geometry":{"type":"MultiLineString","coordinates":[[[138.50153,36.000321],[138.50153,36.000321]]]}},{"type":"Feature","properties":{"name":"三峰川"},"geometry":{"type":"MultiLineString","coordinates":[[[138.501532,36.000321],[138.501532,36.000321]]]}},{"type":"Feature","properties":{"name":"三峰川"},"geometry":{"type":"MultiLineString","coordinates":[[[138.501533,36.000321],[138.501533,36.000321]]]}},{"type":"Feature","properties":{"name":"三峰川"},"geometry":{"type":"MultiLineString","coordinates":[[[138.501532,36.000321],[138.501532,36.000321]]]}},{"type":"Feature","properties":{"name":"天竜川"},"geometry":{"type":"MultiLineString","coordinates":[[[138.50153,36.000321],[138.50153,36.000321]]]}},{"type":"Feature","properties":{"name":"天竜川"},"geometry":{"type":"MultiLineString","coordinates":[[[138.50153,36.000321],[138.50153,36.000321]]]}},{"type":"Feature","properties":{"name":"天竜川"},"geometry":{"type":"MultiLineString","coordinates":[[[138.50153,36.000321],[138.50153,36.000321]]]}},{"type":"Feature","properties":{"name":"三峰川"},"geometry":{"type":"MultiLineString","coordinates":[[[138.501533,36.000321],[138.501533,36.000321]]]}},{"type":"Feature","properties":{"name":"三峰川"},"geometry":{"type":"MultiLineString","coordinates":[[[138.501533,36.000321],[138.501532,36.000321]]]}},{"type":"Feature","properties":{"name":"天竜川"},"geometry":{"type":"MultiLineString","coordinates":[[[138.50153,36.000321],[138.50153,36.000321]]]}},{"type":"Feature","properties":{"name":"三峰川"},"geometry":{"type":"MultiLineString","coordinates":[[[138.501532,36.000321],[138.501532,36.000321]]]}},{"type":"Feature","properties":{"name":"天竜川"},"geometry":{"type":"MultiLineString","coordinates":[[[138.50153,36.000321],[138.50153,36.000321]]]}},{"type":"Feature","properties":{"name":"三峰川"},"geometry":{"type":"MultiLineString","coordinates":[[[138.501532,36.000321],[138.501532,36.000321]]]}},{"type":"Feature","properties":{"name":"三峰川"},"geometry":{"type":"MultiLineString","coordinates":[[[138.501532,36.000321],[138.501532,36.000321]]]}},{"type":"Feature","properties":{"name":"三峰川"},"geometry":{"type":"MultiLineString","coordinates":[[[138.501532,36.000321],[138.501532,36.000321]]]}},{"type":"Feature","properties":{"name":"天竜川"},"geometry":{"type":"MultiLineString","coordinates":[[[138.50153,36.000321],[138.50153,36.000321]]]}},{"type":"Feature","properties":{"name":"天竜川"},"geometry":{"type":"MultiLineString","coordinates":[[[138.50153,36.000321],[138.50153,36.000321]]]}},{"type":"Feature","properties":{"name":"松川"},"geometry":{"type":"MultiLineString","coordinates":[[[138.501528,36.000321],[138.501529,36.000321]]]}},{"type":"Feature","properties":{"name":"天竜川"},"geometry":{"type":"MultiLineString","coordinates":[[[138.50153,36.000321],[138.50153,36.000321]]]}},{"type":"Feature","properties":{"name":"松川"},"geometry":{"type":"MultiLineString","coordinates":[[[138.501529,36.000321],[138.501529,36.000321]]]}},{"type":"Feature","properties":{"name":"松川"},"geometry":{"type":"MultiLineString","coordinates":[[[138.501529,36.000321],[138.501529,36.000321]]]}},{"type":"Feature","properties":{"name":"松川"},"geometry":{"type":"MultiLineString","coordinates":[[[138.501529,36.000321],[138.501529,36.000321]]]}},{"type":"Feature","properties":{"name":"松川"},"geometry":{"type":"MultiLineString","coordinates":[[[138.501529,36.000321],[138.501529,36.000321]]]}},{"type":"Feature","properties":{"name":"松川"},"geometry":{"type":"MultiLineString","coordinates":[[[138.501529,36.000321],[138.50153,36.000321]]]}},{"type":"Feature","properties":{"name":"天竜川"},"geometry":{"type":"MultiLineString","coordinates":[[[138.50153,36.000321],[138.50153,36.000321]]]}},{"type":"Feature","properties":{"name":"三峰川"},"geometry":{"type":"MultiLineString","coordinates":[[[138.501532,36.000321],[138.501532,36.000321]]]}},{"type":"Feature","properties":{"name":"三峰川"},"geometry":{"type":"MultiLineString","coordinates":[[[138.501532,36.000321],[138.501532,36.000321]]]}},{"type":"Feature","properties":{"name":"松川"},"geometry":{"type":"MultiLineString","coordinates":[[[138.501529,36.000321],[138.501529,36.000321]]]}},{"type":"Feature","properties":{"name":"天竜川"},"geometry":{"type":"MultiLineString","coordinates":[[[138.50153,36.000321],[138.50153,36.000321]]]}},{"type":"Feature","properties":{"name":"三峰川"},"geometry":{"type":"MultiLineString","coordinates":[[[138.501532,36.000321],[138.501532,36.000321]]]}},{"type":"Feature","properties":{"name":"三峰川"},"geometry":{"type":"MultiLineString","coordinates":[[[138.501532,36.000321],[138.501532,36.000321]]]}},{"type":"Feature","properties":{"name":"三峰川"},"geometry":{"type":"MultiLineString","coordinates":[[[138.501532,36.000321],[138.501532,36.000321]]]}},{"type":"Feature","properties":{"name":"天竜川"},"geometry":{"type":"MultiLineString","coordinates":[[[138.50153,36.000321],[138.50153,36.000321]]]}},{"type":"Feature","properties":{"name":"天竜川"},"geometry":{"type":"MultiLineString","coordinates":[[[138.50153,36.000321],[138.50153,36.000321]]]}},{"type":"Feature","properties":{"name":"松川"},"geometry":{"type":"MultiLineString","coordinates":[[[138.501529,36.000321],[138.501529,36.000321]]]}},{"type":"Feature","properties":{"name":"三峰川"},"geometry":{"type":"MultiLineString","coordinates":[[[138.501532,36.000321],[138.501532,36.000321]]]}},{"type":"Feature","properties":{"name":"三峰川"},"geometry":{"type":"MultiLineString","coordinates":[[[138.501532,36.000321],[138.501532,36.000321]]]}},{"type":"Feature","properties":{"name":"三峰川"},"geometry":{"type":"MultiLineString","coordinates":[[[138.501532,36.000321],[138.501532,36.000321]]]}},{"type":"Feature","properties":{"name":"天竜川"},"geometry":{"type":"MultiLineString","coordinates":[[[138.50153,36.000321],[138.50153,36.000321]]]}},{"type":"Feature","properties":{"name":"松川"},"geometry":{"type":"MultiLineString","coordinates":[[[138.50153,36.000321],[138.50153,36.000321]]]}},{"type":"Feature","properties":{"name":"木曽川"},"geometry":{"type":"MultiLineString","coordinates":[[[138.501526,36.000321],[138.501526,36.000321]]]}},{"type":"Feature","properties":{"name":"松川"},"geometry":{"type":"MultiLineString","coordinates":[[[138.501529,36.000321],[138.501528,36.000321]]]}},{"type":"Feature","properties":{"name":"木曽川"},"geometry":{"type":"MultiLineString","coordinates":[[[138.501526,36.000321],[138.501526,36.000321]]]}},{"type":"Feature","properties":{"name":"木曽川"},"geometry":{"type":"MultiLineString","coordinates":[[[138.501526,36.000321],[138.501526,36.000321]]]}},{"type":"Feature","properties":{"name":"木曽川"},"geometry":{"type":"MultiLineString","coordinates":[[[138.501526,36.000321],[138.501526,36.000321]]]}},{"type":"Feature","properties":{"name":"天竜川"},"geometry":{"type":"MultiLineString","coordinates":[[[138.50153,36.000321],[138.50153,36.000321]]]}},{"type":"Feature","properties":{"name":"木曽川"},"geometry":{"type":"MultiLineString","coordinates":[[[138.501526,36.000321],[138.501526,36.000321]]]}},{"type":"Feature","properties":{"name":"木曽川"},"geometry":{"type":"MultiLineString","coordinates":[[[138.501526,36.000321],[138.501526,36.000321]]]}},{"type":"Feature","properties":{"name":"木曽川"},"geometry":{"type":"MultiLineString","coordinates":[[[138.501526,36.000321],[138.501526,36.000321]]]}},{"type":"Feature","properties":{"name":"木曽川"},"geometry":{"type":"MultiLineString","coordinates":[[[138.501526,36.000321],[138.501526,36.000321]]]}},{"type":"Feature","properties":{"name":"天竜川"},"geometry":{"type":"MultiLineString","coordinates":[[[138.50153,36.000321],[138.50153,36.000321]]]}},{"type":"Feature","properties":{"name":"松川"},"geometry":{"type":"MultiLineString","coordinates":[[[138.501528,36.000321],[138.501528,36.000321]]]}},{"type":"Feature","properties":{"name":"天竜川"},"geometry":{"type":"MultiLineString","coordinates":[[[138.50153,36.000321],[138.50153,36.000321]]]}},{"type":"Feature","properties":{"name":"天竜川"},"geometry":{"type":"MultiLineString","coordinates":[[[138.50153,36.000321],[138.50153,36.000321]]]}},{"type":"Feature","properties":{"name":"天竜川"},"geometry":{"type":"MultiLineString","coordinates":[[[138.50153,36.000321],[138.50153,36.000321]]]}},{"type":"Feature","properties":{"name":"天竜川"},"geometry":{"type":"MultiLineString","coordinates":[[[138.50153,36.000321],[138.50153,36.000321]]]}},{"type":"Feature","properties":{"name":"天竜川"},"geometry":{"type":"MultiLineString","coordinates":[[[138.50153,36.000321],[138.50153,36.000321]]]}},{"type":"Feature","properties":{"name":"松川"},"geometry":{"type":"MultiLineString","coordinates":[[[138.501528,36.000321],[138.501528,36.000321]]]}},{"type":"Feature","properties":{"name":"天竜川"},"geometry":{"type":"MultiLineString","coordinates":[[[138.50153,36.000321],[138.50153,36.000321]]]}},{"type":"Feature","properties":{"name":"松川"},"geometry":{"type":"MultiLineString","coordinates":[[[138.501528,36.000321],[138.501528,36.000321]]]}},{"type":"Feature","properties":{"name":"松川"},"geometry":{"type":"MultiLineString","coordinates":[[[138.501528,36.000321],[138.501528,36.000321]]]}},{"type":"Feature","properties":{"name":"松川"},"geometry":{"type":"MultiLineString","coordinates":[[[138.501528,36.000321],[138.501528,36.000321]]]}},{"type":"Feature","properties":{"name":"天竜川"},"geometry":{"type":"MultiLineString","coordinates":[[[138.50153,36.000321],[138.50153,36.000321]]]}},{"type":"Feature","properties":{"name":"天竜川"},"geometry":{"type":"MultiLineString","coordinates":[[[138.50153,36.000321],[138.50153,36.00032]]]}},{"type":"Feature","properties":{"name":"天竜川"},"geometry":{"type":"MultiLineString","coordinates":[[[138.50153,36.00032],[138.50153,36.00032]]]}},{"type":"Feature","properties":{"name":"松川"},"geometry":{"type":"MultiLineString","coordinates":[[[138.501528,36.000321],[138.501528,36.00032]]]}},{"type":"Feature","properties":{"name":"天竜川"},"geometry":{"type":"MultiLineString","coordinates":[[[138.50153,36.00032],[138.501529,36.00032]]]}},{"type":"Feature","properties":{"name":"松川"},"geometry":{"type":"MultiLineString","coordinates":[[[138.501528,36.00032],[138.501528,36.00032]]]}},{"type":"Feature","properties":{"name":"松川"},"geometry":{"type":"MultiLineString","coordinates":[[[138.501528,36.00032],[138.501528,36.00032]]]}},{"type":"Feature","properties":{"name":"天竜川"},"geometry":{"type":"MultiLineString","coordinates":[[[138.501529,36.00032],[138.501529,36.00032]]]}},{"type":"Feature","properties":{"name":"松川"},"geometry":{"type":"MultiLineString","coordinates":[[[138.501528,36.00032],[138.501528,36.00032]]]}},{"type":"Feature","properties":{"name":"松川"},"geometry":{"type":"MultiLineString","coordinates":[[[138.501528,36.00032],[138.501528,36.00032]]]}},{"type":"Feature","properties":{"name":"松川"},"geometry":{"type":"MultiLineString","coordinates":[[[138.501528,36.00032],[138.501528,36.00032]]]}},{"type":"Feature","properties":{"name":"松川"},"geometry":{"type":"MultiLineString","coordinates":[[[138.501528,36.00032],[138.501528,36.00032]]]}},{"type":"Feature","properties":{"name":"天竜川"},"geometry":{"type":"MultiLineString","coordinates":[[[138.501529,36.00032],[138.501529,36.00032]]]}},{"type":"Feature","properties":{"name":"天竜川"},"geometry":{"type":"MultiLineString","coordinates":[[[138.501529,36.00032],[138.501529,36.00032]]]}},{"type":"Feature","properties":{"name":"松川"},"geometry":{"type":"MultiLineString","coordinates":[[[138.501528,36.00032],[138.501528,36.00032]]]}},{"type":"Feature","properties":{"name":"松川"},"geometry":{"type":"MultiLineString","coordinates":[[[138.501528,36.00032],[138.501528,36.00032]]]}},{"type":"Feature","properties":{"name":"天竜川"},"geometry":{"type":"MultiLineString","coordinates":[[[138.501529,36.00032],[138.501529,36.00032]]]}},{"type":"Feature","properties":{"name":"天竜川"},"geometry":{"type":"MultiLineString","coordinates":[[[138.501529,36.00032],[138.501529,36.00032]]]}},{"type":"Feature","properties":{"name":"天竜川"},"geometry":{"type":"MultiLineString","coordinates":[[[138.501529,36.00032],[138.501529,36.00032]]]}},{"type":"Feature","properties":{"name":"天竜川"},"geometry":{"type":"MultiLineString","coordinates":[[[138.501529,36.00032],[138.501529,36.00032]]]}},{"type":"Feature","properties":{"name":"天竜川"},"geometry":{"type":"MultiLineString","coordinates":[[[138.501529,36.00032],[138.501529,36.00032]]]}},{"type":"Feature","properties":{"name":"松川"},"geometry":{"type":"MultiLineString","coordinates":[[[138.501528,36.00032],[138.501529,36.00032]]]}},{"type":"Feature","properties":{"name":"松川"},"geometry":{"type":"MultiLineString","coordinates":[[[138.501529,36.00032],[138.501529,36.00032]]]}},{"type":"Feature","properties":{"name":"松川"},"geometry":{"type":"MultiLineString","coordinates":[[[138.501529,36.00032],[138.501529,36.00032]]]}},{"type":"Feature","properties":{"name":"松川"},"geometry":{"type":"MultiLineString","coordinates":[[[138.501529,36.00032],[138.501529,36.00032]]]}},{"type":"Feature","properties":{"name":"松川"},"geometry":{"type":"MultiLineString","coordinates":[[[138.501529,36.00032],[138.501529,36.00032]]]}},{"type":"Feature","properties":{"name":"横川川"},"geometry":{"type":"MultiLineString","coordinates":[[[138.501527,36.00032],[138.501527,36.00032]]]}},{"type":"Feature","properties":{"name":"横川川"},"geometry":{"type":"MultiLineString","coordinates":[[[138.501527,36.00032],[138.501527,36.00032]]]}},{"type":"Feature","properties":{"name":"横川川"},"geometry":{"type":"MultiLineString","coordinates":[[[138.501527,36.00032],[138.501527,36.00032]]]}},{"type":"Feature","properties":{"name":"横川川"},"geometry":{"type":"MultiLineString","coordinates":[[[138.501527,36.00032],[138.501527,36.00032]]]}},{"type":"Feature","properties":{"name":"湯川"},"geometry":{"type":"MultiLineString","coordinates":[[[138.501528,36.00032],[138.501528,36.000319]]]}},{"type":"Feature","properties":{"name":"小沢川"},"geometry":{"type":"MultiLineString","coordinates":[[[138.501531,36.000319],[138.501531,36.000319]]]}},{"type":"Feature","properties":{"name":"湯川"},"geometry":{"type":"MultiLineString","coordinates":[[[138.501528,36.000319],[138.501528,36.000319]]]}},{"type":"Feature","properties":{"name":"小沢川"},"geometry":{"type":"MultiLineString","coordinates":[[[138.501531,36.000319],[138.501531,36.000319]]]}},{"type":"Feature","properties":{"name":"遠山川"},"geometry":{"type":"MultiLineString","coordinates":[[[138.501532,36.000319],[138.501532,36.000319]]]}},{"type":"Feature","properties":{"name":"遠山川"},"geometry":{"type":"MultiLineString","coordinates":[[[138.501531,36.000319],[138.501531,36.000319]]]}},{"type":"Feature","properties":{"name":"遠山川"},"geometry":{"type":"MultiLineString","coordinates":[[[138.501531,36.000319],[138.501531,36.000319]]]}},{"type":"Feature","properties":{"name":"遠山川"},"geometry":{"type":"MultiLineString","coordinates":[[[138.501531,36.000319],[138.501531,36.000319]]]}},{"type":"Feature","properties":{"name":"遠山川"},"geometry":{"type":"MultiLineString","coordinates":[[[138.501531,36.000319],[138.501531,36.000319]]]}},{"type":"Feature","properties":{"name":"遠山川"},"geometry":{"type":"MultiLineString","coordinates":[[[138.501532,36.000319],[138.501532,36.000319]]]}},{"type":"Feature","properties":{"name":"遠山川"},"geometry":{"type":"MultiLineString","coordinates":[[[138.501531,36.000319],[138.501531,36.000319]]]}},{"type":"Feature","properties":{"name":"遠山川"},"geometry":{"type":"MultiLineString","coordinates":[[[138.501531,36.000319],[138.501531,36.000319]]]}},{"type":"Feature","properties":{"name":"遠山川"},"geometry":{"type":"MultiLineString","coordinates":[[[138.501531,36.000319],[138.501531,36.000319]]]}},{"type":"Feature","properties":{"name":"遠山川"},"geometry":{"type":"MultiLineString","coordinates":[[[138.501531,36.000319],[138.501531,36.000319]]]}},{"type":"Feature","properties":{"name":"遠山川"},"geometry":{"type":"MultiLineString","coordinates":[[[138.501531,36.000319],[138.501531,36.000319]]]}},{"type":"Feature","properties":{"name":"遠山川"},"geometry":{"type":"MultiLineString","coordinates":[[[138.501532,36.000319],[138.501532,36.000319]]]}},{"type":"Feature","properties":{"name":"遠山川"},"geometry":{"type":"MultiLineString","coordinates":[[[138.501531,36.000319],[138.501531,36.000319]]]}},{"type":"Feature","properties":{"name":"遠山川"},"geometry":{"type":"MultiLineString","coordinates":[[[138.501532,36.000319],[138.501531,36.000319]]]}},{"type":"Feature","properties":{"name":"遠山川"},"geometry":{"type":"MultiLineString","coordinates":[[[138.501531,36.000319],[138.501531,36.000319]]]}},{"type":"Feature","properties":{"name":"遠山川"},"geometry":{"type":"MultiLineString","coordinates":[[[138.501531,36.000319],[138.501531,36.000319]]]}},{"type":"Feature","properties":{"name":"遠山川"},"geometry":{"type":"MultiLineString","coordinates":[[[138.501531,36.000319],[138.50153,36.000319]]]}},{"type":"Feature","properties":{"name":"遠山川"},"geometry":{"type":"MultiLineString","coordinates":[[[138.50153,36.000319],[138.50153,36.000319]]]}},{"type":"Feature","properties":{"name":"遠山川"},"geometry":{"type":"MultiLineString","coordinates":[[[138.50153,36.000319],[138.50153,36.000319]]]}},{"type":"Feature","properties":{"name":"遠山川"},"geometry":{"type":"MultiLineString","coordinates":[[[138.50153,36.000318],[138.50153,36.000318]]]}},{"type":"Feature","properties":{"name":"遠山川"},"geometry":{"type":"MultiLineString","coordinates":[[[138.50153,36.000318],[138.50153,36.000318]]]}},{"type":"Feature","properties":{"name":"遠山川"},"geometry":{"type":"MultiLineString","coordinates":[[[138.50153,36.000319],[138.50153,36.000318]]]}},{"type":"Feature","properties":{"name":"遠山川"},"geometry":{"type":"MultiLineString","coordinates":[[[138.50153,36.000318],[138.50153,36.000318]]]}},{"type":"Feature","properties":{"name":"遠山川"},"geometry":{"type":"MultiLineString","coordinates":[[[138.50153,36.000318],[138.50153,36.000318]]]}},{"type":"Feature","properties":{"name":"遠山川"},"geometry":{"type":"MultiLineString","coordinates":[[[138.50153,36.000318],[138.50153,36.000318]]]}},{"type":"Feature","properties":{"name":"遠山川"},"geometry":{"type":"MultiLineString","coordinates":[[[138.50153,36.000318],[138.50153,36.000318]]]}},{"type":"Feature","properties":{"name":"木曽川"},"geometry":{"type":"MultiLineString","coordinates":[[[138.501527,36.000321],[138.501527,36.000322]]]}},{"type":"Feature","properties":{"name":"木曽川"},"geometry":{"type":"MultiLineString","coordinates":[[[138.501526,36.000321],[138.501527,36.000321]]]}},{"type":"Feature","properties":{"name":"木曽川"},"geometry":{"type":"MultiLineString","coordinates":[[[138.501526,36.000321],[138.501526,36.000321]]]}},{"type":"Feature","properties":{"name":"木曽川"},"geometry":{"type":"MultiLineString","coordinates":[[[138.501526,36.000321],[138.501526,36.000321]]]}},{"type":"Feature","properties":{"name":"木曽川"},"geometry":{"type":"MultiLineString","coordinates":[[[138.501526,36.000321],[138.501526,36.000321]]]}},{"type":"Feature","properties":{"name":"木曽川"},"geometry":{"type":"MultiLineString","coordinates":[[[138.501526,36.000321],[138.501526,36.000321]]]}},{"type":"Feature","properties":{"name":"遠山川"},"geometry":{"type":"MultiLineString","coordinates":[[[138.50153,36.000318],[138.50153,36.000318]]]}},{"type":"Feature","properties":{"name":"遠山川"},"geometry":{"type":"MultiLineString","coordinates":[[[138.50153,36.000318],[138.50153,36.000318]]]}},{"type":"Feature","properties":{"name":"遠山川"},"geometry":{"type":"MultiLineString","coordinates":[[[138.50153,36.000318],[138.501529,36.000318]]]}},{"type":"Feature","properties":{"name":"遠山川"},"geometry":{"type":"MultiLineString","coordinates":[[[138.501529,36.000318],[138.501529,36.000318]]]}},{"type":"Feature","properties":{"name":"遠山川"},"geometry":{"type":"MultiLineString","coordinates":[[[138.501529,36.000318],[138.501529,36.000318]]]}},{"type":"Feature","properties":{"name":"遠山川"},"geometry":{"type":"MultiLineString","coordinates":[[[138.501529,36.000318],[138.501529,36.000318]]]}},{"type":"Feature","properties":{"name":"遠山川"},"geometry":{"type":"MultiLineString","coordinates":[[[138.501529,36.000318],[138.501529,36.000318]]]}},{"type":"Feature","properties":{"name":"小沢川"},"geometry":{"type":"MultiLineString","coordinates":[[[138.501529,36.000318],[138.501529,36.000318]]]}},{"type":"Feature","properties":{"name":"小沢川"},"geometry":{"type":"MultiLineString","coordinates":[[[138.501529,36.000318],[138.501529,36.000318]]]}},{"type":"Feature","properties":{"name":"姫川"},"geometry":{"type":"MultiLineString","coordinates":[[[138.501529,36.000333],[138.501529,36.000333]]]}},{"type":"Feature","properties":{"name":"姫川"},"geometry":{"type":"MultiLineString","coordinates":[[[138.501529,36.000332],[138.501529,36.000332]]]}},{"type":"Feature","properties":{"name":"姫川"},"geometry":{"type":"MultiLineString","coordinates":[[[138.501529,36.000332],[138.501529,36.000332]]]}},{"type":"Feature","properties":{"name":"姫川"},"geometry":{"type":"MultiLineString","coordinates":[[[138.501529,36.000332],[138.501529,36.000332]]]}},{"type":"Feature","properties":{"name":"犀川"},"geometry":{"type":"MultiLineString","coordinates":[[[138.501527,36.000326],[138.501527,36.000326]]]}},{"type":"Feature","properties":{"name":"横河川"},"geometry":{"type":"MultiLineString","coordinates":[[[138.501531,36.000326],[138.501531,36.000326]]]}},{"type":"Feature","properties":{"name":"三峰川"},"geometry":{"type":"MultiLineString","coordinates":[[[138.501531,36.000327],[138.501531,36.000327]]]}},{"type":"Feature","properties":{"name":"犀川"},"geometry":{"type":"MultiLineString","coordinates":[[[138.501526,36.000327],[138.501527,36.000327]]]}},{"type":"Feature","properties":{"name":"木曽川"},"geometry":{"type":"MultiLineString","coordinates":[[[138.501528,36.000325],[138.501528,36.000325]]]}},{"type":"Feature","properties":{"name":"沢川"},"geometry":{"type":"MultiLineString","coordinates":[[[138.501532,36.000324],[138.501532,36.000324]]]}},{"type":"Feature","properties":{"name":"木曽川"},"geometry":{"type":"MultiLineString","coordinates":[[[138.501528,36.000324],[138.501528,36.000324]]]}},{"type":"Feature","properties":{"name":"木曽川"},"geometry":{"type":"MultiLineString","coordinates":[[[138.501528,36.000324],[138.501528,36.000324]]]}},{"type":"Feature","properties":{"name":"一の沢川"},"geometry":{"type":"MultiLineString","coordinates":[[[138.501532,36.000324],[138.501532,36.000324]]]}},{"type":"Feature","properties":{"name":"木曽川"},"geometry":{"type":"MultiLineString","coordinates":[[[138.501528,36.000324],[138.501528,36.000324]]]}},{"type":"Feature","properties":{"name":"木曽川"},"geometry":{"type":"MultiLineString","coordinates":[[[138.501528,36.000324],[138.501528,36.000324]]]}},{"type":"Feature","properties":{"name":"木曽川"},"geometry":{"type":"MultiLineString","coordinates":[[[138.501528,36.000324],[138.501528,36.000324]]]}},{"type":"Feature","properties":{"name":"木曽川"},"geometry":{"type":"MultiLineString","coordinates":[[[138.501528,36.000324],[138.501528,36.000324]]]}},{"type":"Feature","properties":{"name":"木曽川"},"geometry":{"type":"MultiLineString","coordinates":[[[138.501528,36.000324],[138.501528,36.000324]]]}},{"type":"Feature","properties":{"name":"木曽川"},"geometry":{"type":"MultiLineString","coordinates":[[[138.501528,36.000324],[138.501528,36.000324]]]}},{"type":"Feature","properties":{"name":"木曽川"},"geometry":{"type":"MultiLineString","coordinates":[[[138.501528,36.000324],[138.501528,36.000324]]]}},{"type":"Feature","properties":{"name":"木曽川"},"geometry":{"type":"MultiLineString","coordinates":[[[138.501528,36.000324],[138.501528,36.000324]]]}},{"type":"Feature","properties":{"name":"木曽川"},"geometry":{"type":"MultiLineString","coordinates":[[[138.501528,36.000323],[138.501528,36.000324]]]}},{"type":"Feature","properties":{"name":"木曽川"},"geometry":{"type":"MultiLineString","coordinates":[[[138.501528,36.000323],[138.501528,36.000323]]]}},{"type":"Feature","properties":{"name":"木曽川"},"geometry":{"type":"MultiLineString","coordinates":[[[138.501528,36.000323],[138.501528,36.000323]]]}},{"type":"Feature","properties":{"name":"木曽川"},"geometry":{"type":"MultiLineString","coordinates":[[[138.501528,36.000323],[138.501528,36.000323]]]}},{"type":"Feature","properties":{"name":"木曽川"},"geometry":{"type":"MultiLineString","coordinates":[[[138.501528,36.000323],[138.501528,36.000323]]]}},{"type":"Feature","properties":{"name":"木曽川"},"geometry":{"type":"MultiLineString","coordinates":[[[138.501528,36.000323],[138.501528,36.000323]]]}},{"type":"Feature","properties":{"name":"木曽川"},"geometry":{"type":"MultiLineString","coordinates":[[[138.501528,36.000323],[138.501528,36.000323]]]}},{"type":"Feature","properties":{"name":"木曽川"},"geometry":{"type":"MultiLineString","coordinates":[[[138.501528,36.000323],[138.501528,36.000323]]]}},{"type":"Feature","properties":{"name":"木曽川"},"geometry":{"type":"MultiLineString","coordinates":[[[138.501528,36.000323],[138.501528,36.000323]]]}},{"type":"Feature","properties":{"name":"木曽川"},"geometry":{"type":"MultiLineString","coordinates":[[[138.501528,36.000323],[138.501528,36.000323]]]}},{"type":"Feature","properties":{"name":"木曽川"},"geometry":{"type":"MultiLineString","coordinates":[[[138.501528,36.000323],[138.501528,36.000323]]]}},{"type":"Feature","properties":{"name":"木曽川"},"geometry":{"type":"MultiLineString","coordinates":[[[138.501528,36.000323],[138.501528,36.000323]]]}},{"type":"Feature","properties":{"name":"木曽川"},"geometry":{"type":"MultiLineString","coordinates":[[[138.501527,36.000323],[138.501528,36.000323]]]}},{"type":"Feature","properties":{"name":"木曽川"},"geometry":{"type":"MultiLineString","coordinates":[[[138.501527,36.000323],[138.501527,36.000323]]]}},{"type":"Feature","properties":{"name":"木曽川"},"geometry":{"type":"MultiLineString","coordinates":[[[138.501527,36.000323],[138.501527,36.000323]]]}},{"type":"Feature","properties":{"name":"木曽川"},"geometry":{"type":"MultiLineString","coordinates":[[[138.501527,36.000323],[138.501527,36.000323]]]}},{"type":"Feature","properties":{"name":"木曽川"},"geometry":{"type":"MultiLineString","coordinates":[[[138.501527,36.000323],[138.501527,36.000323]]]}},{"type":"Feature","properties":{"name":"木曽川"},"geometry":{"type":"MultiLineString","coordinates":[[[138.501527,36.000323],[138.501527,36.000323]]]}},{"type":"Feature","properties":{"name":"木曽川"},"geometry":{"type":"MultiLineString","coordinates":[[[138.501527,36.000323],[138.501527,36.000323]]]}},{"type":"Feature","properties":{"name":"木曽川"},"geometry":{"type":"MultiLineString","coordinates":[[[138.501527,36.000323],[138.501527,36.000323]]]}},{"type":"Feature","properties":{"name":"木曽川"},"geometry":{"type":"MultiLineString","coordinates":[[[138.501527,36.000323],[138.501527,36.000323]]]}},{"type":"Feature","properties":{"name":"木曽川"},"geometry":{"type":"MultiLineString","coordinates":[[[138.501527,36.000323],[138.501527,36.000323]]]}},{"type":"Feature","properties":{"name":"木曽川"},"geometry":{"type":"MultiLineString","coordinates":[[[138.501527,36.000323],[138.501527,36.000323]]]}},{"type":"Feature","properties":{"name":"木曽川"},"geometry":{"type":"MultiLineString","coordinates":[[[138.501527,36.000323],[138.501527,36.000323]]]}},{"type":"Feature","properties":{"name":"木曽川"},"geometry":{"type":"MultiLineString","coordinates":[[[138.501527,36.000323],[138.501527,36.000323]]]}},{"type":"Feature","properties":{"name":"木曽川"},"geometry":{"type":"MultiLineString","coordinates":[[[138.501527,36.000323],[138.501527,36.000323]]]}},{"type":"Feature","properties":{"name":"木曽川"},"geometry":{"type":"MultiLineString","coordinates":[[[138.501527,36.000323],[138.501527,36.000323]]]}},{"type":"Feature","properties":{"name":"木曽川"},"geometry":{"type":"MultiLineString","coordinates":[[[138.501527,36.000322],[138.501527,36.000323]]]}},{"type":"Feature","properties":{"name":"木曽川"},"geometry":{"type":"MultiLineString","coordinates":[[[138.501527,36.000322],[138.501527,36.000322]]]}},{"type":"Feature","properties":{"name":"木曽川"},"geometry":{"type":"MultiLineString","coordinates":[[[138.501527,36.000322],[138.501527,36.000322]]]}},{"type":"Feature","properties":{"name":"木曽川"},"geometry":{"type":"MultiLineString","coordinates":[[[138.501527,36.000322],[138.501527,36.000322]]]}},{"type":"Feature","properties":{"name":"木曽川"},"geometry":{"type":"MultiLineString","coordinates":[[[138.501527,36.000322],[138.501527,36.000322]]]}},{"type":"Feature","properties":{"name":"木曽川"},"geometry":{"type":"MultiLineString","coordinates":[[[138.501527,36.000322],[138.501527,36.000322]]]}},{"type":"Feature","properties":{"name":"木曽川"},"geometry":{"type":"MultiLineString","coordinates":[[[138.501527,36.000322],[138.501527,36.000322]]]}},{"type":"Feature","properties":{"name":"木曽川"},"geometry":{"type":"MultiLineString","coordinates":[[[138.501527,36.000322],[138.501527,36.000322]]]}},{"type":"Feature","properties":{"name":"木曽川"},"geometry":{"type":"MultiLineString","coordinates":[[[138.501528,36.000322],[138.501527,36.000322]]]}},{"type":"Feature","properties":{"name":"木曽川"},"geometry":{"type":"MultiLineString","coordinates":[[[138.501528,36.000322],[138.501528,36.000322]]]}},{"type":"Feature","properties":{"name":"木曽川"},"geometry":{"type":"MultiLineString","coordinates":[[[138.501528,36.000322],[138.501528,36.000322]]]}},{"type":"Feature","properties":{"name":"木曽川"},"geometry":{"type":"MultiLineString","coordinates":[[[138.501528,36.000322],[138.501528,36.000322]]]}},{"type":"Feature","properties":{"name":"木曽川"},"geometry":{"type":"MultiLineString","coordinates":[[[138.501528,36.000322],[138.501528,36.000322]]]}},{"type":"Feature","properties":{"name":"木曽川"},"geometry":{"type":"MultiLineString","coordinates":[[[138.501527,36.000322],[138.501528,36.000322]]]}},{"type":"Feature","properties":{"name":"木曽川"},"geometry":{"type":"MultiLineString","coordinates":[[[138.501527,36.000322],[138.501527,36.000322]]]}},{"type":"Feature","properties":{"name":"木曽川"},"geometry":{"type":"MultiLineString","coordinates":[[[138.501527,36.000322],[138.501527,36.000322]]]}},{"type":"Feature","properties":{"name":"木曽川"},"geometry":{"type":"MultiLineString","coordinates":[[[138.501527,36.000322],[138.501527,36.000322]]]}},{"type":"Feature","properties":{"name":"木曽川"},"geometry":{"type":"MultiLineString","coordinates":[[[138.501527,36.000322],[138.501527,36.000322]]]}},{"type":"Feature","properties":{"name":"木曽川"},"geometry":{"type":"MultiLineString","coordinates":[[[138.501527,36.000322],[138.501527,36.000322]]]}},{"type":"Feature","properties":{"name":"木曽川"},"geometry":{"type":"MultiLineString","coordinates":[[[138.501527,36.000322],[138.501527,36.000322]]]}},{"type":"Feature","properties":{"name":"木曽川"},"geometry":{"type":"MultiLineString","coordinates":[[[138.501527,36.000322],[138.501527,36.000322]]]}},{"type":"Feature","properties":{"name":"木曽川"},"geometry":{"type":"MultiLineString","coordinates":[[[138.501527,36.000322],[138.501527,36.000322]]]}},{"type":"Feature","properties":{"name":"木曽川"},"geometry":{"type":"MultiLineString","coordinates":[[[138.501527,36.000322],[138.501527,36.000322]]]}},{"type":"Feature","properties":{"name":"木曽川"},"geometry":{"type":"MultiLineString","coordinates":[[[138.501527,36.000322],[138.501527,36.000322]]]}},{"type":"Feature","properties":{"name":"木曽川"},"geometry":{"type":"MultiLineString","coordinates":[[[138.501527,36.000322],[138.501527,36.000322]]]}},{"type":"Feature","properties":{"name":"木曽川"},"geometry":{"type":"MultiLineString","coordinates":[[[138.501527,36.000322],[138.501527,36.000322]]]}},{"type":"Feature","properties":{"name":"木曽川"},"geometry":{"type":"MultiLineString","coordinates":[[[138.501527,36.000322],[138.501527,36.000322]]]}},{"type":"Feature","properties":{"name":"木曽川"},"geometry":{"type":"MultiLineString","coordinates":[[[138.501526,36.000321],[138.501526,36.000321]]]}},{"type":"Feature","properties":{"name":"木曽川"},"geometry":{"type":"MultiLineString","coordinates":[[[138.501526,36.000321],[138.501526,36.000321]]]}},{"type":"Feature","properties":{"name":"木曽川"},"geometry":{"type":"MultiLineString","coordinates":[[[138.501526,36.000321],[138.501526,36.000321]]]}},{"type":"Feature","properties":{"name":"木曽川"},"geometry":{"type":"MultiLineString","coordinates":[[[138.501526,36.000321],[138.501526,36.000321]]]}},{"type":"Feature","properties":{"name":"木曽川"},"geometry":{"type":"MultiLineString","coordinates":[[[138.501526,36.000321],[138.501526,36.000321]]]}},{"type":"Feature","properties":{"name":"木曽川"},"geometry":{"type":"MultiLineString","coordinates":[[[138.501526,36.000321],[138.501526,36.000321]]]}},{"type":"Feature","properties":{"name":"木曽川"},"geometry":{"type":"MultiLineString","coordinates":[[[138.501526,36.000321],[138.501526,36.000321]]]}},{"type":"Feature","properties":{"name":"木曽川"},"geometry":{"type":"MultiLineString","coordinates":[[[138.501526,36.000321],[138.501526,36.000321]]]}},{"type":"Feature","properties":{"name":"木曽川"},"geometry":{"type":"MultiLineString","coordinates":[[[138.501526,36.000321],[138.501526,36.000321]]]}},{"type":"Feature","properties":{"name":"天竜川"},"geometry":{"type":"MultiLineString","coordinates":[[[138.501529,36.00032],[138.501529,36.00032]]]}},{"type":"Feature","properties":{"name":"天竜川"},"geometry":{"type":"MultiLineString","coordinates":[[[138.501529,36.00032],[138.501529,36.00032]]]}},{"type":"Feature","properties":{"name":"天竜川"},"geometry":{"type":"MultiLineString","coordinates":[[[138.501529,36.00032],[138.501529,36.00032]]]}},{"type":"Feature","properties":{"name":"天竜川"},"geometry":{"type":"MultiLineString","coordinates":[[[138.501529,36.00032],[138.501529,36.00032]]]}},{"type":"Feature","properties":{"name":"天竜川"},"geometry":{"type":"MultiLineString","coordinates":[[[138.501529,36.00032],[138.501529,36.00032]]]}},{"type":"Feature","properties":{"name":"天竜川"},"geometry":{"type":"MultiLineString","coordinates":[[[138.501529,36.00032],[138.501529,36.00032]]]}},{"type":"Feature","properties":{"name":"天竜川"},"geometry":{"type":"MultiLineString","coordinates":[[[138.501529,36.00032],[138.501529,36.00032]]]}},{"type":"Feature","properties":{"name":"天竜川"},"geometry":{"type":"MultiLineString","coordinates":[[[138.501529,36.00032],[138.501529,36.00032]]]}},{"type":"Feature","properties":{"name":"天竜川"},"geometry":{"type":"MultiLineString","coordinates":[[[138.501529,36.00032],[138.501529,36.00032]]]}},{"type":"Feature","properties":{"name":"天竜川"},"geometry":{"type":"MultiLineString","coordinates":[[[138.501529,36.00032],[138.501529,36.00032]]]}},{"type":"Feature","properties":{"name":"湯川"},"geometry":{"type":"MultiLineString","coordinates":[[[138.501528,36.00032],[138.501528,36.00032]]]}},{"type":"Feature","properties":{"name":"天竜川"},"geometry":{"type":"MultiLineString","coordinates":[[[138.501529,36.00032],[138.501529,36.00032]]]}},{"type":"Feature","properties":{"name":"天竜川"},"geometry":{"type":"MultiLineString","coordinates":[[[138.501529,36.00032],[138.501529,36.00032]]]}},{"type":"Feature","properties":{"name":"天竜川"},"geometry":{"type":"MultiLineString","coordinates":[[[138.501529,36.00032],[138.501529,36.00032]]]}},{"type":"Feature","properties":{"name":"天竜川"},"geometry":{"type":"MultiLineString","coordinates":[[[138.501529,36.00032],[138.501529,36.00032]]]}},{"type":"Feature","properties":{"name":"天竜川"},"geometry":{"type":"MultiLineString","coordinates":[[[138.501529,36.00032],[138.501529,36.00032]]]}},{"type":"Feature","properties":{"name":"天竜川"},"geometry":{"type":"MultiLineString","coordinates":[[[138.501529,36.00032],[138.501529,36.00032]]]}},{"type":"Feature","properties":{"name":"天竜川"},"geometry":{"type":"MultiLineString","coordinates":[[[138.501529,36.00032],[138.501529,36.00032]]]}},{"type":"Feature","properties":{"name":"天竜川"},"geometry":{"type":"MultiLineString","coordinates":[[[138.501529,36.00032],[138.501529,36.00032]]]}},{"type":"Feature","properties":{"name":"天竜川"},"geometry":{"type":"MultiLineString","coordinates":[[[138.501529,36.000319],[138.501529,36.00032]]]}},{"type":"Feature","properties":{"name":"天竜川"},"geometry":{"type":"MultiLineString","coordinates":[[[138.501529,36.000319],[138.501529,36.000319]]]}},{"type":"Feature","properties":{"name":"天竜川"},"geometry":{"type":"MultiLineString","coordinates":[[[138.501529,36.000319],[138.501529,36.000319]]]}},{"type":"Feature","properties":{"name":"天竜川"},"geometry":{"type":"MultiLineString","coordinates":[[[138.501529,36.000319],[138.501529,36.000319]]]}},{"type":"Feature","properties":{"name":"天竜川"},"geometry":{"type":"MultiLineString","coordinates":[[[138.501529,36.000319],[138.501529,36.000319]]]}},{"type":"Feature","properties":{"name":"天竜川"},"geometry":{"type":"MultiLineString","coordinates":[[[138.501529,36.000319],[138.501529,36.000319]]]}},{"type":"Feature","properties":{"name":"天竜川"},"geometry":{"type":"MultiLineString","coordinates":[[[138.501529,36.000319],[138.501529,36.000319]]]}},{"type":"Feature","properties":{"name":"天竜川"},"geometry":{"type":"MultiLineString","coordinates":[[[138.501529,36.000319],[138.501529,36.000319]]]}},{"type":"Feature","properties":{"name":"天竜川"},"geometry":{"type":"MultiLineString","coordinates":[[[138.501529,36.000319],[138.501529,36.000319]]]}},{"type":"Feature","properties":{"name":"天竜川"},"geometry":{"type":"MultiLineString","coordinates":[[[138.501529,36.000319],[138.501529,36.000319]]]}},{"type":"Feature","properties":{"name":"天竜川"},"geometry":{"type":"MultiLineString","coordinates":[[[138.501529,36.000319],[138.501529,36.000319]]]}},{"type":"Feature","properties":{"name":"天竜川"},"geometry":{"type":"MultiLineString","coordinates":[[[138.501529,36.000319],[138.501529,36.000319]]]}},{"type":"Feature","properties":{"name":"天竜川"},"geometry":{"type":"MultiLineString","coordinates":[[[138.501529,36.000319],[138.501529,36.000319]]]}},{"type":"Feature","properties":{"name":"天竜川"},"geometry":{"type":"MultiLineString","coordinates":[[[138.501529,36.000319],[138.501529,36.000319]]]}},{"type":"Feature","properties":{"name":"天竜川"},"geometry":{"type":"MultiLineString","coordinates":[[[138.501529,36.000319],[138.501529,36.000319]]]}},{"type":"Feature","properties":{"name":"天竜川"},"geometry":{"type":"MultiLineString","coordinates":[[[138.501529,36.000319],[138.501529,36.000319]]]}},{"type":"Feature","properties":{"name":"天竜川"},"geometry":{"type":"MultiLineString","coordinates":[[[138.501529,36.000319],[138.501529,36.000319]]]}},{"type":"Feature","properties":{"name":"天竜川"},"geometry":{"type":"MultiLineString","coordinates":[[[138.501529,36.000319],[138.501529,36.000319]]]}},{"type":"Feature","properties":{"name":"天竜川"},"geometry":{"type":"MultiLineString","coordinates":[[[138.501529,36.000318],[138.501529,36.000319]]]}},{"type":"Feature","properties":{"name":"天竜川"},"geometry":{"type":"MultiLineString","coordinates":[[[138.501529,36.000318],[138.501529,36.000318]]]}},{"type":"Feature","properties":{"name":"天竜川"},"geometry":{"type":"MultiLineString","coordinates":[[[138.501529,36.000318],[138.501529,36.000318]]]}},{"type":"Feature","properties":{"name":"天竜川"},"geometry":{"type":"MultiLineString","coordinates":[[[138.501529,36.000318],[138.501529,36.000318]]]}},{"type":"Feature","properties":{"name":"天竜川"},"geometry":{"type":"MultiLineString","coordinates":[[[138.501529,36.000318],[138.501529,36.000318]]]}},{"type":"Feature","properties":{"name":"天竜川"},"geometry":{"type":"MultiLineString","coordinates":[[[138.501529,36.000318],[138.501529,36.000318]]]}},{"type":"Feature","properties":{"name":"天竜川"},"geometry":{"type":"MultiLineString","coordinates":[[[138.501529,36.000318],[138.501529,36.000318]]]}},{"type":"Feature","properties":{"name":"天竜川"},"geometry":{"type":"MultiLineString","coordinates":[[[138.501529,36.000318],[138.501529,36.000318]]]}},{"type":"Feature","properties":{"name":"天竜川"},"geometry":{"type":"MultiLineString","coordinates":[[[138.501529,36.000318],[138.501529,36.000318]]]}},{"type":"Feature","properties":{"name":"天竜川"},"geometry":{"type":"MultiLineString","coordinates":[[[138.501529,36.000318],[138.501529,36.000318]]]}},{"type":"Feature","properties":{"name":"天竜川"},"geometry":{"type":"MultiLineString","coordinates":[[[138.501529,36.000318],[138.501529,36.000318]]]}},{"type":"Feature","properties":{"name":"天竜川"},"geometry":{"type":"MultiLineString","coordinates":[[[138.501529,36.000318],[138.501529,36.000318]]]}},{"type":"Feature","properties":{"name":"天竜川"},"geometry":{"type":"MultiLineString","coordinates":[[[138.501529,36.000318],[138.501529,36.000318]]]}},{"type":"Feature","properties":{"name":"天竜川"},"geometry":{"type":"MultiLineString","coordinates":[[[138.501529,36.000318],[138.501529,36.000318]]]}},{"type":"Feature","properties":{"name":"天竜川"},"geometry":{"type":"MultiLineString","coordinates":[[[138.501529,36.000318],[138.501529,36.000318]]]}},{"type":"Feature","properties":{"name":"天竜川"},"geometry":{"type":"MultiLineString","coordinates":[[[138.501529,36.000318],[138.501529,36.000318]]]}},{"type":"Feature","properties":{"name":"天竜川"},"geometry":{"type":"MultiLineString","coordinates":[[[138.501529,36.000318],[138.501529,36.000318]]]}},{"type":"Feature","properties":{"name":"天竜川"},"geometry":{"type":"MultiLineString","coordinates":[[[138.501529,36.000318],[138.501529,36.000318]]]}},{"type":"Feature","properties":{"name":"天竜川"},"geometry":{"type":"MultiLineString","coordinates":[[[138.501529,36.000318],[138.501529,36.000318]]]}},{"type":"Feature","properties":{"name":"天竜川"},"geometry":{"type":"MultiLineString","coordinates":[[[138.501529,36.000318],[138.501529,36.000318]]]}},{"type":"Feature","properties":{"name":"天竜川"},"geometry":{"type":"MultiLineString","coordinates":[[[138.501529,36.000318],[138.501529,36.000318]]]}},{"type":"Feature","properties":{"name":"天竜川"},"geometry":{"type":"MultiLineString","coordinates":[[[138.501529,36.000318],[138.501529,36.000318]]]}},{"type":"Feature","properties":{"name":"天竜川"},"geometry":{"type":"MultiLineString","coordinates":[[[138.501529,36.000318],[138.501529,36.000318]]]}},{"type":"Feature","properties":{"name":"天竜川"},"geometry":{"type":"MultiLineString","coordinates":[[[138.501529,36.000318],[138.501529,36.000318]]]}},{"type":"Feature","properties":{"name":"天竜川"},"geometry":{"type":"MultiLineString","coordinates":[[[138.501529,36.000318],[138.501529,36.000318]]]}},{"type":"Feature","properties":{"name":"天竜川"},"geometry":{"type":"MultiLineString","coordinates":[[[138.501529,36.000318],[138.501529,36.000318]]]}},{"type":"Feature","properties":{"name":"天竜川"},"geometry":{"type":"MultiLineString","coordinates":[[[138.501529,36.000318],[138.501529,36.000318]]]}},{"type":"Feature","properties":{"name":"天竜川"},"geometry":{"type":"MultiLineString","coordinates":[[[138.501529,36.000318],[138.501529,36.000318]]]}},{"type":"Feature","properties":{"name":"天竜川"},"geometry":{"type":"MultiLineString","coordinates":[[[138.501529,36.000318],[138.501529,36.000318]]]}},{"type":"Feature","properties":{"name":"天竜川"},"geometry":{"type":"MultiLineString","coordinates":[[[138.501529,36.000318],[138.501529,36.000318]]]}},{"type":"Feature","properties":{"name":"天竜川"},"geometry":{"type":"MultiLineString","coordinates":[[[138.501529,36.000318],[138.501529,36.000318]]]}},{"type":"Feature","properties":{"name":"天竜川"},"geometry":{"type":"MultiLineString","coordinates":[[[138.501529,36.000318],[138.501529,36.000318]]]}},{"type":"Feature","properties":{"name":"天竜川"},"geometry":{"type":"MultiLineString","coordinates":[[[138.501529,36.000318],[138.501529,36.000318]]]}},{"type":"Feature","properties":{"name":"天竜川"},"geometry":{"type":"MultiLineString","coordinates":[[[138.501529,36.000318],[138.501529,36.000318]]]}},{"type":"Feature","properties":{"name":"天竜川"},"geometry":{"type":"MultiLineString","coordinates":[[[138.501529,36.000318],[138.501529,36.000318]]]}},{"type":"Feature","properties":{"name":"天竜川"},"geometry":{"type":"MultiLineString","coordinates":[[[138.501529,36.000318],[138.501529,36.000318]]]}},{"type":"Feature","properties":{"name":"天竜川"},"geometry":{"type":"MultiLineString","coordinates":[[[138.501529,36.000318],[138.501529,36.000318]]]}},{"type":"Feature","properties":{"name":"天竜川"},"geometry":{"type":"MultiLineString","coordinates":[[[138.501529,36.000318],[138.501529,36.000318]]]}},{"type":"Feature","properties":{"name":"天竜川"},"geometry":{"type":"MultiLineString","coordinates":[[[138.501529,36.000317],[138.501529,36.000318]]]}},{"type":"Feature","properties":{"name":"天竜川"},"geometry":{"type":"MultiLineString","coordinates":[[[138.501529,36.000317],[138.501529,36.000317]]]}},{"type":"Feature","properties":{"name":"天竜川"},"geometry":{"type":"MultiLineString","coordinates":[[[138.501529,36.000317],[138.501529,36.000317]]]}}]}